"","DepMap_ID","CERES"
"1","ACH-000004",-0.287778318141062
"2","ACH-000005",0.192687719458012
"3","ACH-000007",-0.101042782140207
"4","ACH-000009",0.128662865484102
"5","ACH-000011",-0.0939060333494719
"6","ACH-000012",0.0146773729090728
"7","ACH-000013",0.0473233747378161
"8","ACH-000014",0.0179750612810935
"9","ACH-000015",0.0265413255938574
"10","ACH-000017",-0.0296661310295127
"11","ACH-000018",0.174816163970184
"12","ACH-000019",-0.199605470158742
"13","ACH-000021",0.0733198131952484
"14","ACH-000022",0.0431609878957206
"15","ACH-000024",0.355658275096468
"16","ACH-000025",-0.162974020769016
"17","ACH-000028",-0.25886595118868
"18","ACH-000029",0.00799531534342048
"19","ACH-000030",-0.096590139910858
"20","ACH-000035",0.0751695382706488
"21","ACH-000036",-0.267741122431666
"22","ACH-000037",-0.0230287823979992
"23","ACH-000039",0.214599087011712
"24","ACH-000040",-0.0116921958318494
"25","ACH-000041",-0.00534772898365234
"26","ACH-000042",-0.0451215235301557
"27","ACH-000045",0.117987582948922
"28","ACH-000047",-0.100399911278794
"29","ACH-000048",0.131586759985066
"30","ACH-000052",-0.189628512988313
"31","ACH-000053",-0.0310146344281192
"32","ACH-000054",-0.0591525109216403
"33","ACH-000055",0.0809866008296057
"34","ACH-000060",-0.124101718088449
"35","ACH-000067",-0.0196560311659283
"36","ACH-000070",-0.0534974577360327
"37","ACH-000074",-0.143992747024148
"38","ACH-000075",-0.333966834128193
"39","ACH-000076",0.128688067536964
"40","ACH-000078",-0.217603223109511
"41","ACH-000082",-0.102953949724622
"42","ACH-000085",-0.150816532850057
"43","ACH-000086",0.0855306551909872
"44","ACH-000087",0.0638447209137893
"45","ACH-000092",-0.05304609127654
"46","ACH-000095",-0.049747488751031
"47","ACH-000096",0.0613059791702176
"48","ACH-000097",-0.207072593859355
"49","ACH-000098",0.13565735423384
"50","ACH-000099",0.0619593616037541
"51","ACH-000108",-0.0233357357423853
"52","ACH-000111",0.0933715482402746
"53","ACH-000113",-0.0426474839138269
"54","ACH-000114",-0.156217352129771
"55","ACH-000115",-0.139815524780647
"56","ACH-000116",0.0700952451783258
"57","ACH-000118",-0.0442868082833253
"58","ACH-000120",-0.264108492054598
"59","ACH-000123",-0.0017691860772147
"60","ACH-000127",-0.0352887412774374
"61","ACH-000128",-0.0780900869445222
"62","ACH-000132",-0.0770701992898776
"63","ACH-000133",-0.101221777584968
"64","ACH-000137",0.0538178011738294
"65","ACH-000138",-0.00200077677888094
"66","ACH-000141",0.073682936105034
"67","ACH-000142",-0.0156712281966226
"68","ACH-000143",-0.225911795370452
"69","ACH-000146",0.00139844694176883
"70","ACH-000148",-0.0507676090506168
"71","ACH-000150",-0.115455120966623
"72","ACH-000151",-0.217506639252168
"73","ACH-000152",0.0733826832945921
"74","ACH-000153",-0.0733997108030543
"75","ACH-000159",0.0168357791524631
"76","ACH-000160",0.219610814202853
"77","ACH-000163",0.000186673842906092
"78","ACH-000164",-0.0440656487749001
"79","ACH-000167",-0.139758052201529
"80","ACH-000168",-0.199041212005509
"81","ACH-000169",-0.0796224586077245
"82","ACH-000172",-0.186819444240859
"83","ACH-000174",0.0695168669289561
"84","ACH-000178",-0.117726383695973
"85","ACH-000182",0.0771925976320166
"86","ACH-000183",-0.190130993380733
"87","ACH-000187",-0.0527431462133615
"88","ACH-000188",-0.165236576579066
"89","ACH-000189",-0.046967448773309
"90","ACH-000190",0.125820120046481
"91","ACH-000198",-0.136970734423625
"92","ACH-000200",0.373532999398926
"93","ACH-000202",0.406261857264351
"94","ACH-000204",0.183950501409535
"95","ACH-000206",-0.467106708044755
"96","ACH-000207",0.129001942692644
"97","ACH-000209",0.104216671916749
"98","ACH-000211",-0.0271840040452919
"99","ACH-000212",-0.105899634714018
"100","ACH-000215",-0.0224257187221934
"101","ACH-000217",-0.042769895583816
"102","ACH-000219",0.0617682402039277
"103","ACH-000221",0.0122813700412879
"104","ACH-000222",-0.12443394196215
"105","ACH-000223",-0.0990941034264914
"106","ACH-000226",-0.031198527863927
"107","ACH-000227",-0.35461650635688
"108","ACH-000228",0.0125873372570537
"109","ACH-000231",0.0175143709624071
"110","ACH-000232",-0.0676853416428717
"111","ACH-000233",-0.0590351314063881
"112","ACH-000234",0.00375915004686516
"113","ACH-000235",-0.123051516530634
"114","ACH-000237",-0.0130135654848188
"115","ACH-000238",0.0734640787707968
"116","ACH-000243",-0.159072576571976
"117","ACH-000244",-0.0229118718905371
"118","ACH-000246",0.00492190881582927
"119","ACH-000247",-0.0818194858482024
"120","ACH-000248",-0.0128397130970793
"121","ACH-000249",0.0749920492436461
"122","ACH-000250",-0.083009187999766
"123","ACH-000251",-0.355722134759328
"124","ACH-000253",-0.0742426867122643
"125","ACH-000255",0.0695526614730037
"126","ACH-000256",0.0946915793428087
"127","ACH-000257",-0.0917886564224009
"128","ACH-000258",0.168819627738412
"129","ACH-000259",-0.0840555400110958
"130","ACH-000260",-0.0149370686109612
"131","ACH-000261",-0.0464899264367422
"132","ACH-000262",0.0075164181920344
"133","ACH-000263",0.206460005641935
"134","ACH-000264",-0.167681671246832
"135","ACH-000265",0.0523393378403826
"136","ACH-000266",-0.0249377373851106
"137","ACH-000271",-0.0531607637243334
"138","ACH-000272",0.231653662090305
"139","ACH-000273",0.261479024391158
"140","ACH-000274",0.281878663309586
"141","ACH-000276",-0.161288917960142
"142","ACH-000277",-0.152927440754711
"143","ACH-000278",0.0331461368545894
"144","ACH-000279",-0.0792396518940687
"145","ACH-000280",0.0839156661914091
"146","ACH-000281",-0.0577297092420697
"147","ACH-000286",-0.0706440884547598
"148","ACH-000288",0.0240292126613257
"149","ACH-000290",-0.0559355547387594
"150","ACH-000291",0.0441933406817362
"151","ACH-000292",0.0985511622941843
"152","ACH-000293",-0.0261518519605632
"153","ACH-000294",0.0589018083490644
"154","ACH-000295",0.409433548542575
"155","ACH-000296",-0.0267263438879053
"156","ACH-000302",-0.020976050377964
"157","ACH-000304",0.191314502906559
"158","ACH-000305",-0.108575834339806
"159","ACH-000307",-0.0584302760959586
"160","ACH-000308",0.0510403362854034
"161","ACH-000310",-0.37680477858415
"162","ACH-000311",-0.108342715477881
"163","ACH-000312",0.00284303696221048
"164","ACH-000315",0.299153735559551
"165","ACH-000316",-0.0112927911054809
"166","ACH-000317",-0.131549641987027
"167","ACH-000318",0.079130137725756
"168","ACH-000319",-0.157424722183178
"169","ACH-000320",-0.244761416982928
"170","ACH-000322",0.247093286619037
"171","ACH-000323",0.0273333496858314
"172","ACH-000324",-0.00677657842792161
"173","ACH-000326",-0.0431549509925599
"174","ACH-000329",-0.00124810545025442
"175","ACH-000330",0.167436877825457
"176","ACH-000331",-0.15956739717762
"177","ACH-000332",-0.00426878809974438
"178","ACH-000334",0.0831385463386183
"179","ACH-000335",-0.213393385620064
"180","ACH-000336",0.0869160356250261
"181","ACH-000337",0.074072196298072
"182","ACH-000339",-0.0607199377847804
"183","ACH-000341",0.0264483915157723
"184","ACH-000343",-0.114373687643455
"185","ACH-000344",-0.118759818760964
"186","ACH-000348",-0.0941268719205824
"187","ACH-000350",0.14307015926378
"188","ACH-000352",-0.112337983817449
"189","ACH-000355",0.0360485928758425
"190","ACH-000356",-0.0666088553912045
"191","ACH-000361",-0.0240920347721777
"192","ACH-000362",-0.053233164901842
"193","ACH-000363",0.094137220909284
"194","ACH-000364",-0.0550423028871265
"195","ACH-000365",0.0852541412064167
"196","ACH-000366",0.107949519935444
"197","ACH-000368",-0.130711251895338
"198","ACH-000370",-0.171488460497275
"199","ACH-000374",-0.154247446847715
"200","ACH-000375",-0.27127989964606
"201","ACH-000376",0.0518364332620376
"202","ACH-000377",0.267970222708963
"203","ACH-000378",0.092215672215693
"204","ACH-000381",0.175968284041387
"205","ACH-000383",0.00376496782790289
"206","ACH-000385",-0.266480431261706
"207","ACH-000387",0.118904033998545
"208","ACH-000389",0.0874032344567065
"209","ACH-000390",0.0809470030964279
"210","ACH-000391",0.17492499577724
"211","ACH-000393",0.0163085632211863
"212","ACH-000395",0.209694392605784
"213","ACH-000397",-0.231952256980257
"214","ACH-000401",-0.00260658457101349
"215","ACH-000402",0.37356714472492
"216","ACH-000403",-0.034092967047622
"217","ACH-000404",-0.0273072464850587
"218","ACH-000405",0.101712641317267
"219","ACH-000406",0.0430584272581572
"220","ACH-000407",0.0874163324940176
"221","ACH-000408",-0.125234898158194
"222","ACH-000410",-0.116980688328195
"223","ACH-000411",0.0866264670477742
"224","ACH-000414",-0.174765284291173
"225","ACH-000415",-0.161228306885387
"226","ACH-000416",0.0215912681160833
"227","ACH-000420",0.103189881238178
"228","ACH-000421",-0.0766548348404461
"229","ACH-000422",0.079241774064135
"230","ACH-000424",0.0144381671351378
"231","ACH-000425",0.117973237516323
"232","ACH-000426",-0.417951935448299
"233","ACH-000427",-0.066972251207582
"234","ACH-000431",0.103239375204911
"235","ACH-000433",0.0976542443109282
"236","ACH-000434",-0.080467897653603
"237","ACH-000435",0.126793609556904
"238","ACH-000436",0.0458697967572213
"239","ACH-000437",-0.0765628790115513
"240","ACH-000438",0.0773093812706096
"241","ACH-000444",-0.121960097025149
"242","ACH-000445",-0.156521851957153
"243","ACH-000448",-0.0867183472994703
"244","ACH-000450",0.33658248052976
"245","ACH-000452",-0.161726606875969
"246","ACH-000454",-0.0853962586735815
"247","ACH-000458",-0.0729487493591141
"248","ACH-000459",-0.0349108845047962
"249","ACH-000460",-0.092808037569392
"250","ACH-000461",0.205382976696096
"251","ACH-000463",0.0238643846151611
"252","ACH-000464",0.0577334111314629
"253","ACH-000466",-0.268081826926028
"254","ACH-000467",0.0704686924148202
"255","ACH-000468",0.122496854176728
"256","ACH-000469",-0.0827396566084925
"257","ACH-000470",-0.0819981899946381
"258","ACH-000471",0.0528362041290779
"259","ACH-000472",0.0802121317468494
"260","ACH-000473",0.16102976197854
"261","ACH-000475",-0.129803227277471
"262","ACH-000476",-0.147395583809433
"263","ACH-000477",0.202703570869982
"264","ACH-000478",0.19286115116608
"265","ACH-000480",0.0388938596062147
"266","ACH-000481",-0.403968340562961
"267","ACH-000483",0.00776515115396797
"268","ACH-000484",-0.164383286900393
"269","ACH-000485",-0.071230139549569
"270","ACH-000486",-0.119832164322869
"271","ACH-000487",-0.187606406423856
"272","ACH-000488",0.0828208588392485
"273","ACH-000490",-0.0128041676447669
"274","ACH-000491",0.0420008494205348
"275","ACH-000493",0.016662394150096
"276","ACH-000495",0.0974787498151974
"277","ACH-000496",-0.01797461270527
"278","ACH-000498",-0.16476078022625
"279","ACH-000499",0.169581620072617
"280","ACH-000500",-0.210589179298008
"281","ACH-000502",-0.0724892924358327
"282","ACH-000503",-0.19794948620236
"283","ACH-000504",-0.1511355268812
"284","ACH-000505",0.0679673918671381
"285","ACH-000507",-0.235682083060468
"286","ACH-000510",-0.22264255431256
"287","ACH-000511",0.0772079467005061
"288","ACH-000512",-0.0201571763912557
"289","ACH-000514",0.00909834887944099
"290","ACH-000516",-0.0847044448495845
"291","ACH-000517",-0.0641134147837425
"292","ACH-000518",0.0606872574716075
"293","ACH-000520",0.21085855656076
"294","ACH-000521",-0.0877915176318332
"295","ACH-000522",-3.86446506823498e-05
"296","ACH-000524",0.00745080710095357
"297","ACH-000527",0.00883427604332787
"298","ACH-000528",-0.0950225928224358
"299","ACH-000535",-0.0915886596884333
"300","ACH-000537",-0.182764614957904
"301","ACH-000541",0.0641545361471479
"302","ACH-000542",0.0303925850476954
"303","ACH-000544",-0.21480450677755
"304","ACH-000545",0.214966886605313
"305","ACH-000547",-0.237067729545395
"306","ACH-000548",0.0198687263297208
"307","ACH-000549",-0.0551059377366482
"308","ACH-000550",0.174656794481064
"309","ACH-000551",-0.271962741253747
"310","ACH-000552",-0.00578176046429461
"311","ACH-000556",0.0469051633970303
"312","ACH-000557",-0.186697156655984
"313","ACH-000563",0.307863869386392
"314","ACH-000570",0.0108002862903302
"315","ACH-000571",0.0374596898067997
"316","ACH-000573",-0.0493937196743393
"317","ACH-000576",0.053223174733999
"318","ACH-000577",-0.331966173200149
"319","ACH-000579",0.239150891132112
"320","ACH-000580",0.0778854009751395
"321","ACH-000581",-0.871082128607387
"322","ACH-000583",0.119603764273046
"323","ACH-000584",-0.0481775062075468
"324","ACH-000585",0.0167882824289422
"325","ACH-000587",0.0299431393500009
"326","ACH-000588",-0.093863934131093
"327","ACH-000589",-0.0252218065920351
"328","ACH-000591",0.18160999556881
"329","ACH-000592",0.279994290134234
"330","ACH-000593",0.00016477887742432
"331","ACH-000596",0.100569317679183
"332","ACH-000599",0.0671523846618246
"333","ACH-000600",-0.0575644806103256
"334","ACH-000601",-0.0625875254980557
"335","ACH-000604",0.0248313687416416
"336","ACH-000605",0.00560029162991699
"337","ACH-000606",0.0236046650584215
"338","ACH-000607",0.348392822322119
"339","ACH-000608",-0.136578468125691
"340","ACH-000614",0.392824177332604
"341","ACH-000616",-0.153455409809194
"342","ACH-000618",0.0273687455860536
"343","ACH-000619",0.00995030494111861
"344","ACH-000620",-0.158601492932373
"345","ACH-000621",0.0597719041528638
"346","ACH-000622",-0.136662591789704
"347","ACH-000623",-0.260944664940578
"348","ACH-000624",0.0140820040495587
"349","ACH-000627",-0.00711798632891107
"350","ACH-000630",-0.105633810870816
"351","ACH-000632",0.0397658091785503
"352","ACH-000633",0.00611283831453381
"353","ACH-000634",0.270625094205861
"354","ACH-000637",-0.0792711021485768
"355","ACH-000638",0.11944005575508
"356","ACH-000639",0.00231282039696538
"357","ACH-000645",-0.0688032809212296
"358","ACH-000646",0.302759213432833
"359","ACH-000647",0.00617076371306293
"360","ACH-000648",-0.122709822078584
"361","ACH-000649",-0.0183470062253816
"362","ACH-000651",-0.0774014980563881
"363","ACH-000652",-0.0370371768306249
"364","ACH-000653",-0.156519021583247
"365","ACH-000654",0.0845841409699725
"366","ACH-000655",-0.0174212265843717
"367","ACH-000657",-0.0497570973583259
"368","ACH-000658",-0.215117587591177
"369","ACH-000661",0.220149386889609
"370","ACH-000662",-0.183677661689731
"371","ACH-000663",0.0136646451636
"372","ACH-000665",-0.0988937099565148
"373","ACH-000667",-0.0733465735404513
"374","ACH-000671",-0.243564227709892
"375","ACH-000673",-0.104285192050242
"376","ACH-000676",0.0327483574036735
"377","ACH-000677",0.218044613798637
"378","ACH-000680",0.075701182846885
"379","ACH-000681",-0.104335848464763
"380","ACH-000682",-0.156475698830823
"381","ACH-000683",-0.102826424354293
"382","ACH-000684",0.174976914399572
"383","ACH-000685",0.112000565425974
"384","ACH-000688",0.0498335323613629
"385","ACH-000693",-0.0559682416374577
"386","ACH-000694",0.0239641794229935
"387","ACH-000695",0.156846466282362
"388","ACH-000696",-0.142256566539702
"389","ACH-000697",0.41544174839585
"390","ACH-000698",-0.213647160382896
"391","ACH-000699",0.149618534234414
"392","ACH-000700",-0.107353223856528
"393","ACH-000701",-0.109664814617955
"394","ACH-000702",-0.378064593169497
"395","ACH-000706",-0.0814632470368816
"396","ACH-000711",-0.145338362245905
"397","ACH-000713",-0.0105938977347682
"398","ACH-000714",-0.094289123344787
"399","ACH-000718",-0.13925839122796
"400","ACH-000720",-0.0668998432795993
"401","ACH-000721",-0.109676378617635
"402","ACH-000724",0.403789209697413
"403","ACH-000725",0.0499696569669611
"404","ACH-000732",-0.2524411723298
"405","ACH-000734",0.0769359614805943
"406","ACH-000735",-0.203775537574663
"407","ACH-000736",0.102382048593407
"408","ACH-000738",-0.130646960863323
"409","ACH-000739",-0.113624864506444
"410","ACH-000740",-0.203405704711529
"411","ACH-000746",-0.096856271752514
"412","ACH-000747",-0.00912081912901586
"413","ACH-000748",0.133558908576955
"414","ACH-000753",-0.188063148145408
"415","ACH-000756",-0.0101443366775898
"416","ACH-000757",-0.0662335522591378
"417","ACH-000758",-0.0830215461106257
"418","ACH-000760",-0.0378176784841185
"419","ACH-000762",-0.00784426110731123
"420","ACH-000763",-0.343150558915421
"421","ACH-000764",-0.105497688946882
"422","ACH-000765",0.109377537021774
"423","ACH-000766",0.0230050111918422
"424","ACH-000767",-0.0423920644563895
"425","ACH-000768",-0.0983326222058708
"426","ACH-000769",-0.094782005995816
"427","ACH-000770",-0.0680544623522235
"428","ACH-000771",-0.0861112327061052
"429","ACH-000773",0.106140939131429
"430","ACH-000774",0.228074841162678
"431","ACH-000775",0.0614657312431091
"432","ACH-000776",-0.00591195637391186
"433","ACH-000777",0.13258592423123
"434","ACH-000778",-0.0534978486799099
"435","ACH-000781",0.0464047846948087
"436","ACH-000782",-0.141399856389172
"437","ACH-000783",-0.30837531593258
"438","ACH-000784",-0.077320281233409
"439","ACH-000785",-0.142212247196949
"440","ACH-000787",-0.0242244523894018
"441","ACH-000788",0.0567145161262763
"442","ACH-000790",0.143550003054897
"443","ACH-000791",-0.0897830615198126
"444","ACH-000792",-0.114864304940335
"445","ACH-000793",-0.109591379004914
"446","ACH-000794",-0.0527813055569294
"447","ACH-000796",-0.168241717639084
"448","ACH-000799",-0.0572798218986094
"449","ACH-000800",0.169942290583554
"450","ACH-000801",-0.0265643843142813
"451","ACH-000802",0.0139905515059144
"452","ACH-000804",-0.134975891061963
"453","ACH-000805",-0.0468993806822091
"454","ACH-000807",-0.0557518071955995
"455","ACH-000809",-0.0481766983506713
"456","ACH-000810",0.0941085305925805
"457","ACH-000811",-0.0992472836895101
"458","ACH-000814",-0.167572793777965
"459","ACH-000817",-0.175867517432252
"460","ACH-000819",0.00618092902065793
"461","ACH-000820",-0.00959455597710379
"462","ACH-000821",0.0975912598607341
"463","ACH-000822",-0.123143201646104
"464","ACH-000823",0.0144527957623558
"465","ACH-000824",0.0404481643426907
"466","ACH-000826",0.0252274276119915
"467","ACH-000827",0.140580661083279
"468","ACH-000829",0.060579706930041
"469","ACH-000831",-0.104548756910111
"470","ACH-000832",-0.00995850776613933
"471","ACH-000833",0.219552864342269
"472","ACH-000834",0.0396589461935256
"473","ACH-000835",0.0220330390533976
"474","ACH-000836",-0.0579964751686727
"475","ACH-000837",-0.0195813305851172
"476","ACH-000838",0.0171504212451701
"477","ACH-000839",-0.0658357534614096
"478","ACH-000840",0.135112686326281
"479","ACH-000841",0.183218235363603
"480","ACH-000843",0.119294926077065
"481","ACH-000846",-0.100135885816585
"482","ACH-000847",0.0704338576059476
"483","ACH-000848",-0.00263826279969699
"484","ACH-000849",0.0530936372911263
"485","ACH-000851",-0.12388011904729
"486","ACH-000853",-0.368166398245332
"487","ACH-000854",-0.150747149743256
"488","ACH-000855",0.0319766971554271
"489","ACH-000856",-0.0216387444364027
"490","ACH-000858",0.000515237259696484
"491","ACH-000859",-0.135734201759365
"492","ACH-000861",-0.0265366887298099
"493","ACH-000862",-0.0258434998022779
"494","ACH-000865",-0.041006976672071
"495","ACH-000866",0.0239146079933762
"496","ACH-000867",-0.0969155062856192
"497","ACH-000869",-0.00663241262140938
"498","ACH-000872",0.00775914793240831
"499","ACH-000873",0.23029355741343
"500","ACH-000876",0.0959963337096605
"501","ACH-000878",0.0834474884693556
"502","ACH-000880",0.200264773247301
"503","ACH-000881",0.205359505937233
"504","ACH-000882",-0.134856647870769
"505","ACH-000884",-0.00897802558449799
"506","ACH-000885",-0.0279447604448714
"507","ACH-000887",-0.031148889367928
"508","ACH-000888",0.0665311241252015
"509","ACH-000889",0.0578243501893691
"510","ACH-000890",0.0944400529407219
"511","ACH-000896",0.0592939049820757
"512","ACH-000898",0.269796131653199
"513","ACH-000899",0.0789496880194099
"514","ACH-000900",0.0789058430028815
"515","ACH-000901",0.0515098460828448
"516","ACH-000903",0.0807853307370959
"517","ACH-000905",-0.0914333868335388
"518","ACH-000906",0.0281997709097995
"519","ACH-000907",-0.386644089058703
"520","ACH-000910",0.0896282658036871
"521","ACH-000911",-0.325472914442882
"522","ACH-000912",-0.0555807127273445
"523","ACH-000913",-0.105419953552337
"524","ACH-000914",0.013159317502318
"525","ACH-000915",0.163812711791352
"526","ACH-000916",-0.0387647870896093
"527","ACH-000917",-0.218786567662136
"528","ACH-000921",-0.0376312103073463
"529","ACH-000924",-0.08892205534919
"530","ACH-000926",-0.133162995018825
"531","ACH-000928",-0.00534128017215145
"532","ACH-000929",-0.219248164578103
"533","ACH-000932",-0.170847553463638
"534","ACH-000935",-0.100656133650854
"535","ACH-000936",0.147520592370909
"536","ACH-000937",-0.138328161379636
"537","ACH-000938",0.0418933503553832
"538","ACH-000939",-0.0318366991505737
"539","ACH-000941",0.123753739120507
"540","ACH-000943",-0.0728825827553437
"541","ACH-000946",-0.211183210631185
"542","ACH-000947",0.0260333704437889
"543","ACH-000948",0.00168635756400183
"544","ACH-000950",0.133774564905824
"545","ACH-000953",0.0236725688857561
"546","ACH-000957",0.257688957396433
"547","ACH-000958",-0.147181685840684
"548","ACH-000959",-0.00910080884323064
"549","ACH-000960",-0.0629481956131949
"550","ACH-000961",-0.114788847397835
"551","ACH-000963",0.122721973960218
"552","ACH-000965",-0.104443593761996
"553","ACH-000968",0.0157130263897346
"554","ACH-000969",-0.200803345187785
"555","ACH-000973",0.0570064342302676
"556","ACH-000974",-0.00410143633521783
"557","ACH-000975",0.112718756641526
"558","ACH-000976",-0.0215764709995258
"559","ACH-000978",-0.27731227571169
"560","ACH-000980",-0.084172706515356
"561","ACH-000983",0.0585940217259633
"562","ACH-000984",0.0444639997193056
"563","ACH-000986",-0.0353806280926789
"564","ACH-000988",0.0821132715809903
"565","ACH-000993",-0.0595085169675978
"566","ACH-000994",-0.0928178833062513
"567","ACH-000995",0.288016205323574
"568","ACH-000996",-0.0450858603553717
"569","ACH-001001",0.0420956697387519
"570","ACH-001020",-0.272276210772925
"571","ACH-001028",0.164046295711122
"572","ACH-001031",-0.137420618272017
"573","ACH-001033",0.479293595585376
"574","ACH-001038",-0.155193726203112
"575","ACH-001048",-0.00307279406181827
"576","ACH-001050",-0.165415967017071
"577","ACH-001053",0.0598780326325365
"578","ACH-001054",0.0996641656140681
"579","ACH-001061",0.112630056920157
"580","ACH-001067",-0.268214973123654
"581","ACH-001075",0.271394167305701
"582","ACH-001096",0.0582844475365317
"583","ACH-001099",-0.278697660555665
"584","ACH-001129",0.0148924416981093
"585","ACH-001134",-0.0581563658512302
"586","ACH-001145",0.211324690480939
"587","ACH-001151",-0.053038326470447
"588","ACH-001163",0.170510531728933
"589","ACH-001164",-0.0127345255034006
"590","ACH-001172",-0.0905976183429708
"591","ACH-001173",0.0576665436510867
"592","ACH-001183",-0.169698493133065
"593","ACH-001184",-0.0847224260230799
"594","ACH-001190",-0.102733906523792
"595","ACH-001192",0.17730982615898
"596","ACH-001193",0.156867946617217
"597","ACH-001196",-0.081059626118313
"598","ACH-001197",-0.00543023947798798
"599","ACH-001205",-0.2577882356223
"600","ACH-001211",-0.0349898496981343
"601","ACH-001212",0.185861783978576
"602","ACH-001228",0.00142765566297749
"603","ACH-001232",-0.00512702188497643
"604","ACH-001239",-0.0207995165418662
"605","ACH-001274",-0.0772707784185647
"606","ACH-001275",-0.0241412394397708
"607","ACH-001277",0.221262870952441
"608","ACH-001278",0.0366230706017055
"609","ACH-001279",-0.0879388907455643
"610","ACH-001280",-0.144988874179898
"611","ACH-001283",-0.126899624861913
"612","ACH-001289",-0.0245562383521132
"613","ACH-001295",-0.0593734562109171
"614","ACH-001300",-0.0705878588335044
"615","ACH-001301",-0.229864995545935
"616","ACH-001302",0.308866625829906
"617","ACH-001303",0.185300041997808
"618","ACH-001306",0.0625226060476127
"619","ACH-001318",-0.112029300838769
"620","ACH-001322",0.185009642097486
"621","ACH-001328",0.0258263032638974
"622","ACH-001329",-0.167864615853833
"623","ACH-001332",0.196930803305964
"624","ACH-001333",-0.0160410352221061
"625","ACH-001335",0.045466797195296
"626","ACH-001336",0.00424481164561929
"627","ACH-001340",-0.129925114846298
"628","ACH-001341",0.0108161981374276
"629","ACH-001344",-0.983154575210464
"630","ACH-001345",-0.199184826895631
"631","ACH-001346",0.05568744095691
"632","ACH-001353",-0.0385573548285107
"633","ACH-001354",-0.218198875868555
"634","ACH-001356",0.00244602254044164
"635","ACH-001366",0.0328873142568612
"636","ACH-001368",-0.0548652247047411
"637","ACH-001369",-0.0883461967138802
"638","ACH-001374",0.751523801363272
"639","ACH-001375",-0.0609780150219932
"640","ACH-001377",-0.033590620534843
"641","ACH-001379",-0.00391635225881795
"642","ACH-001380",-0.0795224662115728
"643","ACH-001382",0.144013044454622
"644","ACH-001390",-0.120706473733283
"645","ACH-001391",-0.138098103277135
"646","ACH-001394",0.0587096944570347
"647","ACH-001396",-1.0452531325336
"648","ACH-001402",-0.14669115615716
"649","ACH-001403",0.165388581091357
"650","ACH-001407",-0.0590190625456716
"651","ACH-001408",-0.0300719384717924
"652","ACH-001409",-0.314832812889473
"653","ACH-001411",0.0636503175342059
"654","ACH-001412",0.13144683005549
"655","ACH-001413",-0.247373044509922
"656","ACH-001414",-0.0286552226163309
"657","ACH-001415",-0.0901023755976373
"658","ACH-001416",-0.242318246064076
"659","ACH-001418",-0.270490988540183
"660","ACH-001430",-0.31652340408534
"661","ACH-001431",-0.0614410522474411
"662","ACH-001433",0.0484371620987224
"663","ACH-001442",-0.257044687398001
"664","ACH-001443",-0.0543848252075968
"665","ACH-001450",-0.0111633999204677
"666","ACH-001451",0.0657569922950643
"667","ACH-001454",0.0520251523183355
"668","ACH-001458",0.17419048665322
"669","ACH-001459",0.213792685430356
"670","ACH-001460",-0.063332270590501
"671","ACH-001461",-0.30117764534114
"672","ACH-001484",-0.0461188664100193
"673","ACH-001485",0.0789526629771916
"674","ACH-001494",-0.107914592896207
"675","ACH-001495",-0.045166902037532
"676","ACH-001496",0.0365572081741155
"677","ACH-001500",0.382064167487241
"678","ACH-001509",-0.103755278340247
"679","ACH-001510",0.150956844379199
"680","ACH-001511",-0.0636407352477016
"681","ACH-001513",-0.023126909876303
"682","ACH-001515",0.0518146839238771
"683","ACH-001517",0.153928729980306
"684","ACH-001520",0.251372219163355
"685","ACH-001521",-0.0295153158941541
"686","ACH-001522",-0.105029198863107
"687","ACH-001523",-0.0527100324757239
"688","ACH-001524",-0.126331858946611
"689","ACH-001525",-0.19902513751407
"690","ACH-001526",0.186601617325725
"691","ACH-001529",0.0881153483166708
"692","ACH-001530",-0.159985869279768
"693","ACH-001532",-0.0415282559629636
"694","ACH-001536",0.0833184210872754
"695","ACH-001538",0.0785385269708454
"696","ACH-001542",-0.0659556200580613
"697","ACH-001548",-0.428879898837815
"698","ACH-001549",0.0161788345484394
"699","ACH-001550",0.091945310696421
"700","ACH-001551",0.192715722601023
"701","ACH-001552",0.183572195547714
"702","ACH-001554",-0.0352775797479567
"703","ACH-001555",0.0440827309096883
"704","ACH-001559",0.0874927064911848
"705","ACH-001563",0.168854796576489
"706","ACH-001566",0.134980213833681
"707","ACH-001567",0.170533551525288
"708","ACH-001568",0.129174921694631
"709","ACH-001570",-0.0553790453947243
"710","ACH-001577",0.273138974564848
"711","ACH-001607",-0.0205378653024417
"712","ACH-001608",0.0131848793132938
"713","ACH-001609",-0.0414515566829399
"714","ACH-001610",-0.0433801082186324
"715","ACH-001611",0.028844133891278
"716","ACH-001618",-0.0056081332682786
"717","ACH-001619",0.0943510540327864
"718","ACH-001622",-0.137826620414642
"719","ACH-001623",0.102916846377466
"720","ACH-001624",-0.031241680986813
"721","ACH-001628",-0.285791170092777
"722","ACH-001645",0.254308845154038
"723","ACH-001647",-0.130508676984436
"724","ACH-001650",-0.316457993082124
"725","ACH-001651",0.0973345217814495
"726","ACH-001652",-0.126238201660737
"727","ACH-001653",0.0414156627990069
"728","ACH-001654",-0.0165438410783412
"729","ACH-001655",-0.191071098704754
"730","ACH-001664",-0.0224770292949539
"731","ACH-001668",0.132038382236643
"732","ACH-001673",0.0336693267493956
"733","ACH-001674",0.0681613472916514
"734","ACH-001677",-0.164220730138134
"735","ACH-001685",-0.429967308953026
"736","ACH-001702",0.0608444646458084
"737","ACH-001715",0.113446986988385
"738","ACH-001735",-0.0219300247260175
"739","ACH-001736",-0.020793489994211
"740","ACH-001737",0.00681553672403835
"741","ACH-001740",-0.104949364216066
"742","ACH-001745",0.0404917741504338
"743","ACH-001750",0.0188898176321203
"744","ACH-001765",0.0344604459846026
"745","ACH-001786",-0.377687622541187
"746","ACH-001790",0.26600078100611
"747","ACH-001791",-0.117275203032508
"748","ACH-001793",0.059694017810739
"749","ACH-001794",0.11036573189405
"750","ACH-001795",-0.145701438818526
"751","ACH-001796",0.177002126581189
"752","ACH-001799",-0.133999487719725
"753","ACH-001802",-0.255678052884449
"754","ACH-001804",-0.128527830791886
"755","ACH-001814",0.143449434438531
"756","ACH-001835",-0.115453330365132
"757","ACH-001836",0.0600813123540379
"758","ACH-001838",-0.190944889710421
"759","ACH-001841",-0.196681793440865
"760","ACH-001842",0.330175280628731
"761","ACH-001843",0.415495028714282
"762","ACH-001848",-0.0648408758945931
"763","ACH-001849",-0.0963479608160206
"764","ACH-001852",-0.190191075347146
"765","ACH-001853",-0.115656954039362
"766","ACH-001856",-0.119156568452457
"767","ACH-001857",0.00936811450333012
"768","ACH-001858",-0.00152938374141253
"769","ACH-001862",0.0186774974984777
"770","ACH-001864",-0.0874034157673766
"771","ACH-001955",-0.133065968962329
"772","ACH-001956",-0.0113635946345573
"773","ACH-001957",0.0318437664473329
"774","ACH-001959",-0.0836754317903653
"775","ACH-001960",-0.0588821026077218
"776","ACH-001997",0.136736194764485
"777","ACH-001999",0.183213432317675
"778","ACH-002001",0.0397286945529278
"779","ACH-002002",0.0740864211460644
"780","ACH-002003",-0.0660724579003056
"781","ACH-002004",-0.120651338986079
"782","ACH-002005",0.103844460471397
"783","ACH-002015",-0.0164304937942606
"784","ACH-002016",-0.163983434814812
"785","ACH-002017",0.189202613063603
"786","ACH-002018",0.227322075461654
"787","ACH-002059",-0.0325691834565915
"788","ACH-002204",-0.286921309790765
"789","ACH-002446",0.122385763128084
