"","V1","ZNF703 (80139)"
"1","ACH-000001",1.09863880937937
"2","ACH-000002",0.981248962193359
"3","ACH-000003",1.02704890870038
"4","ACH-000004",1.25388127034857
"5","ACH-000005",1.32193319446068
"6","ACH-000006",1.09591508304655
"7","ACH-000007",0.979669794748533
"8","ACH-000008",0.807900845119182
"9","ACH-000009",0.910024446033639
"10","ACH-000011",0.844566062181956
"11","ACH-000012",0.751983844878359
"12","ACH-000013",0.941239158750576
"13","ACH-000014",0.979103562175763
"14","ACH-000015",1.04201450566952
"15","ACH-000016",0.948406852276558
"16","ACH-000017",0.791938839949055
"17","ACH-000018",0.851628868849173
"18","ACH-000019",0.633354223590538
"19","ACH-000020",0.971797170145874
"20","ACH-000021",1.23077717930062
"21","ACH-000022",1.26363542937758
"22","ACH-000023",1.22586955813089
"23","ACH-000024",1.15405489625647
"24","ACH-000025",0.676036401063842
"25","ACH-000026",0.865554405333989
"26","ACH-000027",1.04603480549961
"27","ACH-000028",0.710134390575483
"28","ACH-000029",0.867360888548787
"29","ACH-000030",0.713348247023994
"30","ACH-000031",1.05130345924617
"31","ACH-000032",0.988621230075815
"32","ACH-000034",1.00450701810382
"33","ACH-000035",0.6004113705967
"34","ACH-000036",1.06080990920939
"35","ACH-000037",0.913803528196259
"36","ACH-000038",1.00352128686466
"37","ACH-000039",1.54939669375462
"38","ACH-000040",1.06912665152508
"39","ACH-000041",1.21612353101662
"40","ACH-000042",0.655365752429376
"41","ACH-000043",0.994785956223202
"42","ACH-000044",2.99505315656703
"43","ACH-000045",1.24780963247211
"44","ACH-000046",0.83514041899921
"45","ACH-000047",1.10179210710944
"46","ACH-000048",1.10588433895826
"47","ACH-000049",0.857111788798407
"48","ACH-000050",1.09009508903595
"49","ACH-000051",0.994821328127299
"50","ACH-000052",0.951293015785684
"51","ACH-000053",1.01521489278628
"52","ACH-000054",0.995857963103708
"53","ACH-000055",1.04688853036652
"54","ACH-000056",0.994560294077581
"55","ACH-000057",1.15046012970525
"56","ACH-000058",0.702943919844218
"57","ACH-000059",0.953673542610306
"58","ACH-000060",0.600400476783898
"59","ACH-000061",1.23661802332837
"60","ACH-000062",0.945802870445809
"61","ACH-000063",1.0070848111278
"62","ACH-000064",0.996903330569639
"63","ACH-000065",1.29312214208079
"64","ACH-000066",0.670944432719419
"65","ACH-000067",0.985885724581171
"66","ACH-000068",0.643991200484663
"67","ACH-000069",1.29049738363322
"68","ACH-000070",0.955898382170351
"69","ACH-000071",1.0047578195525
"70","ACH-000072",1.26472571410977
"71","ACH-000073",1.01203629379745
"72","ACH-000074",1.39015131336475
"73","ACH-000075",1.0147996396276
"74","ACH-000076",1.2228373303298
"75","ACH-000077",1.0001320060387
"76","ACH-000078",1.12180012768758
"77","ACH-000079",1.00269601436992
"78","ACH-000080",1.00202491906321
"79","ACH-000081",1.31567166899043
"80","ACH-000082",2.29071025664711
"81","ACH-000083",0.9973614173082
"82","ACH-000085",1.0895961817958
"83","ACH-000086",0.96702126782132
"84","ACH-000087",0.966717492386596
"85","ACH-000088",1.01326038613985
"86","ACH-000089",0.742799794560386
"87","ACH-000090",0.77039416440367
"88","ACH-000091",1.01783438837794
"89","ACH-000092",1.60242290720498
"90","ACH-000093",1.03500616048093
"91","ACH-000094",1.09813729217581
"92","ACH-000095",1.2503144314934
"93","ACH-000096",1.00412337573352
"94","ACH-000097",1.87758856334819
"95","ACH-000098",0.999897503641189
"96","ACH-000099",1.01515527503865
"97","ACH-000100",1.18683622271581
"98","ACH-000101",1.23096083986672
"99","ACH-000102",1.28966515426663
"100","ACH-000103",0.844669314184885
"101","ACH-000104",0.985022560962295
"102","ACH-000105",1.29755744939751
"103","ACH-000106",1.00171802172955
"104","ACH-000107",0.69693267898369
"105","ACH-000108",0.760513942727455
"106","ACH-000109",1.30442406062186
"107","ACH-000110",1.46443716346445
"108","ACH-000111",1.14381585656922
"109","ACH-000112",1.15438971679415
"110","ACH-000113",1.2242341596377
"111","ACH-000114",0.736831403816982
"112","ACH-000115",1.07047496061834
"113","ACH-000116",0.942466994705364
"114","ACH-000117",0.706272285745748
"115","ACH-000118",0.647672125084388
"116","ACH-000119",1.00086275781824
"117","ACH-000120",0.994452706104447
"118","ACH-000121",0.68796093711545
"119","ACH-000122",1.07395337974146
"120","ACH-000123",1.01955728907446
"121","ACH-000124",1.57580575852782
"122","ACH-000125",1.00084975010491
"123","ACH-000126",1.20557721010245
"124","ACH-000127",0.786259385652978
"125","ACH-000128",0.981865427587991
"126","ACH-000129",1.24133756344889
"127","ACH-000130",0.991746743185923
"128","ACH-000131",1.00328072175667
"129","ACH-000132",0.667608660990964
"130","ACH-000133",1.32557826685044
"131","ACH-000134",0.999148251579141
"132","ACH-000135",1.14197961838652
"133","ACH-000136",0.984547649913617
"134","ACH-000137",0.933290401648997
"135","ACH-000138",0.953848647528457
"136","ACH-000139",1.23387532680156
"137","ACH-000140",0.576992934771483
"138","ACH-000141",0.985772849851048
"139","ACH-000142",0.92077957494782
"140","ACH-000143",1.02401155174982
"141","ACH-000144",0.784053386025768
"142","ACH-000145",1.10082093251186
"143","ACH-000146",1.2692144286815
"144","ACH-000147",1.21926382772025
"145","ACH-000148",1.32628036079275
"146","ACH-000149",1.00550094764022
"147","ACH-000150",0.598525375875296
"148","ACH-000151",0.937468317869537
"149","ACH-000152",0.83340890997277
"150","ACH-000153",0.704363185303587
"151","ACH-000154",1.00522041101937
"152","ACH-000155",1.06241689791137
"153","ACH-000156",1.00911511447986
"154","ACH-000157",1.04058938955277
"155","ACH-000158",0.998159675273094
"156","ACH-000159",0.756699420949461
"157","ACH-000160",1.0110187598186
"158","ACH-000161",0.684863214170121
"159","ACH-000162",0.993939782056857
"160","ACH-000163",1.10589344048424
"161","ACH-000164",0.527330348823864
"162","ACH-000165",1.00876244953626
"163","ACH-000166",0.991249201426412
"164","ACH-000167",1.30057714845758
"165","ACH-000168",1.27006477748204
"166","ACH-000169",1.23167383684376
"167","ACH-000170",1.00280271713524
"168","ACH-000171",1.06895446472753
"169","ACH-000172",1.02574621019435
"170","ACH-000173",0.631540234824251
"171","ACH-000174",0.903125595993107
"172","ACH-000175",1.01290419962401
"173","ACH-000176",0.969061520150835
"174","ACH-000177",0.715364907308836
"175","ACH-000178",0.922304786437435
"176","ACH-000179",0.754263705655078
"177","ACH-000180",0.996821509097732
"178","ACH-000181",0.752403146263412
"179","ACH-000182",0.633299860849285
"180","ACH-000183",1.26411396165102
"181","ACH-000184",1.00073718824802
"182","ACH-000185",1.01043748507487
"183","ACH-000186",0.838386165942171
"184","ACH-000187",1.13388962820495
"185","ACH-000188",1.16806535308614
"186","ACH-000189",0.988313718067257
"187","ACH-000190",1.10131952921283
"188","ACH-000191",0.71128538394601
"189","ACH-000192",1.17745727488102
"190","ACH-000193",1.22999681553853
"191","ACH-000194",0.999150250399405
"192","ACH-000195",1.05407698180616
"193","ACH-000196",0.733434298372969
"194","ACH-000197",1.04390076540644
"195","ACH-000198",1.30861663125988
"196","ACH-000199",1.00023801963131
"197","ACH-000200",0.967949614172231
"198","ACH-000201",0.98583968248513
"199","ACH-000202",0.871550126839417
"200","ACH-000203",0.992131574826252
"201","ACH-000204",1.14040044909652
"202","ACH-000205",1.15495542113009
"203","ACH-000206",0.987127445576521
"204","ACH-000207",0.998872940583798
"205","ACH-000208",1.05431079543875
"206","ACH-000209",0.786221572437833
"207","ACH-000210",1.28437752371122
"208","ACH-000211",0.949527977013514
"209","ACH-000212",2.41308762690401
"210","ACH-000213",0.719270875075325
"211","ACH-000214",1.00642223111878
"212","ACH-000215",1.08459332299638
"213","ACH-000216",0.983742644935457
"214","ACH-000217",0.797508882460887
"215","ACH-000218",1.14781234672107
"216","ACH-000219",0.764247638684211
"217","ACH-000220",0.980461622337916
"218","ACH-000221",0.837775036144444
"219","ACH-000222",1.08674405854531
"220","ACH-000223",0.786922179188619
"221","ACH-000224",1.00036504617227
"222","ACH-000225",0.927308911978102
"223","ACH-000226",0.961896854309807
"224","ACH-000227",0.998742048910894
"225","ACH-000228",1.07261523137987
"226","ACH-000229",1.00515919197853
"227","ACH-000230",1.00035004245526
"228","ACH-000231",1.10796935311032
"229","ACH-000232",0.893274697433395
"230","ACH-000233",0.984369104885214
"231","ACH-000234",0.849853550954347
"232","ACH-000235",1.07263726236613
"233","ACH-000236",0.458473694962855
"234","ACH-000237",1.15232948418973
"235","ACH-000238",0.811717326227268
"236","ACH-000239",1.07957270475466
"237","ACH-000240",1.0092801567055
"238","ACH-000241",1.30560867470032
"239","ACH-000242",0.989748185623789
"240","ACH-000243",2.50669883025238
"241","ACH-000244",1.01716693663441
"242","ACH-000245",0.98094107752713
"243","ACH-000246",0.933297546728783
"244","ACH-000247",1.2374615083999
"245","ACH-000248",0.652283603286989
"246","ACH-000249",1.01324373527096
"247","ACH-000250",0.770600642954045
"248","ACH-000251",0.771170227567725
"249","ACH-000252",0.863295324133359
"250","ACH-000253",0.772122176919251
"251","ACH-000254",0.936765585215493
"252","ACH-000255",1.64162467069096
"253","ACH-000256",0.719329373663304
"254","ACH-000257",1.01240235534484
"255","ACH-000258",1.04683641635127
"256","ACH-000259",0.979622476742826
"257","ACH-000260",0.958511756270808
"258","ACH-000261",0.942224789646017
"259","ACH-000262",1.03399174399705
"260","ACH-000263",0.97408550902935
"261","ACH-000264",0.747285032308364
"262","ACH-000265",0.702265372747658
"263","ACH-000266",1.63913054761388
"264","ACH-000267",0.590286360245548
"265","ACH-000268",0.961100005466394
"266","ACH-000269",0.907198202784559
"267","ACH-000270",0.751029298896964
"268","ACH-000271",1.00152580600006
"269","ACH-000272",1.05342290543593
"270","ACH-000273",1.22128673972456
"271","ACH-000274",0.991254171014954
"272","ACH-000275",0.994536883043377
"273","ACH-000276",1.4545103853328
"274","ACH-000277",0.931677087212037
"275","ACH-000278",0.694880374289432
"276","ACH-000279",1.0999895611044
"277","ACH-000280",0.757495634145883
"278","ACH-000281",0.799188879795161
"279","ACH-000282",0.789417401732348
"280","ACH-000283",0.810418175206047
"281","ACH-000284",1.01003163629055
"282","ACH-000285",0.92946386229974
"283","ACH-000286",1.23677575331981
"284","ACH-000287",0.993642071668246
"285","ACH-000288",1.36264787725415
"286","ACH-000289",1.02724245030686
"287","ACH-000290",1.02056552233651
"288","ACH-000291",0.642970353188592
"289","ACH-000292",0.942282818918363
"290","ACH-000293",0.818715637670547
"291","ACH-000294",0.912034404462622
"292","ACH-000295",1.22940257236512
"293","ACH-000296",0.585672850193949
"294","ACH-000297",1.27007824077997
"295","ACH-000298",0.62588302670872
"296","ACH-000299",1.01285678187208
"297","ACH-000300",0.536674847610704
"298","ACH-000301",1.32374355522384
"299","ACH-000302",1.17820441599109
"300","ACH-000303",1.05093040980789
"301","ACH-000304",1.01447186430642
"302","ACH-000305",0.928768725750132
"303","ACH-000306",1.01245328849914
"304","ACH-000307",0.760702838689884
"305","ACH-000308",1.07633017820603
"306","ACH-000309",0.897086522540134
"307","ACH-000310",0.957155704531006
"308","ACH-000311",1.12542574809423
"309","ACH-000312",1.05535950118702
"310","ACH-000313",1.01386448612114
"311","ACH-000314",0.909380883676718
"312","ACH-000315",1.01294909656613
"313","ACH-000316",1.02707233609044
"314","ACH-000317",1.06606306241926
"315","ACH-000318",1.04395535486167
"316","ACH-000319",1.27264139854684
"317","ACH-000320",0.792337691700994
"318","ACH-000321",1.25082574267773
"319","ACH-000322",0.781222577333756
"320","ACH-000323",0.917302097452936
"321","ACH-000324",1.2123533426012
"322","ACH-000325",1.36404107499866
"323","ACH-000326",1.00022501754529
"324","ACH-000327",0.840434322558542
"325","ACH-000328",0.827968701106582
"326","ACH-000329",1.00864122490962
"327","ACH-000330",0.410515293900139
"328","ACH-000331",0.616302960193675
"329","ACH-000332",0.734536867861289
"330","ACH-000333",0.597367663055987
"331","ACH-000334",1.08842400726744
"332","ACH-000335",0.861178990014318
"333","ACH-000336",1.24073409341278
"334","ACH-000337",0.64260076162427
"335","ACH-000338",1.11542045304216
"336","ACH-000339",0.884988125180733
"337","ACH-000340",1.00549291721676
"338","ACH-000341",0.885210980402654
"339","ACH-000342",0.950606604727821
"340","ACH-000343",1.31772528488486
"341","ACH-000344",0.853071615196761
"342","ACH-000345",1.00493290463593
"343","ACH-000346",0.918641844719771
"344","ACH-000347",0.785849815341932
"345","ACH-000348",1.1139861131908
"346","ACH-000349",2.97718588832892
"347","ACH-000350",0.899480371299171
"348","ACH-000351",0.711811765785646
"349","ACH-000352",1.00970341417552
"350","ACH-000353",0.822680422961811
"351","ACH-000354",0.900373737126593
"352","ACH-000355",1.06952395628941
"353","ACH-000356",0.699237407243268
"354","ACH-000357",0.967315339366051
"355","ACH-000358",1.07684866787522
"356","ACH-000359",1.13893462063437
"357","ACH-000360",1.00790805568943
"358","ACH-000361",0.920975377064951
"359","ACH-000362",1.54880819376055
"360","ACH-000363",0.595152640002844
"361","ACH-000364",0.84593479397687
"362","ACH-000365",1.28303341989567
"363","ACH-000366",1.05066141474075
"364","ACH-000367",0.640359868829804
"365","ACH-000368",1.02653308974453
"366","ACH-000369",0.956667469195035
"367","ACH-000370",0.716297398642082
"368","ACH-000371",0.948660782593643
"369","ACH-000372",1.17640320605982
"370","ACH-000373",1.20902012119542
"371","ACH-000374",0.906993769530899
"372","ACH-000375",1.00487320276617
"373","ACH-000376",0.996897343474634
"374","ACH-000377",0.789656375349793
"375","ACH-000378",0.966984635397941
"376","ACH-000379",0.539307571485634
"377","ACH-000380",1.09232746096483
"378","ACH-000381",0.709514176389182
"379","ACH-000382",1.04734834536032
"380","ACH-000383",0.997599500424005
"381","ACH-000384",1.03042520587044
"382","ACH-000385",0.693171491149046
"383","ACH-000386",1.89395919227576
"384","ACH-000387",0.917141195963484
"385","ACH-000388",1.29975041196926
"386","ACH-000389",0.97442135085293
"387","ACH-000390",0.704434651150337
"388","ACH-000391",1.14228971710717
"389","ACH-000392",1.54149529079736
"390","ACH-000393",0.822415777367545
"391","ACH-000394",0.970541047531524
"392","ACH-000395",1.75668064673535
"393","ACH-000396",1.1168290714337
"394","ACH-000397",1.07428730481641
"395","ACH-000398",0.966888907264529
"396","ACH-000399",1.04948872962687
"397","ACH-000400",0.92558600233961
"398","ACH-000401",0.836359730059469
"399","ACH-000402",0.997520135004553
"400","ACH-000403",0.890035221225076
"401","ACH-000404",1.01857303524897
"402","ACH-000405",1.00096532273797
"403","ACH-000406",1.13986836975814
"404","ACH-000407",0.932880815460444
"405","ACH-000408",0.913603657794741
"406","ACH-000409",0.846036837954899
"407","ACH-000410",0.523101365323215
"408","ACH-000411",0.950695885940381
"409","ACH-000412",1.02113102078269
"410","ACH-000413",1.00460733348475
"411","ACH-000414",0.969842442889425
"412","ACH-000415",0.87212749607599
"413","ACH-000416",0.953685151074046
"414","ACH-000417",1.735523608267
"415","ACH-000418",0.988245280908651
"416","ACH-000419",0.717510961897855
"417","ACH-000420",1.27090845423767
"418","ACH-000421",0.615336032369862
"419","ACH-000422",0.770949972509348
"420","ACH-000423",1.05064796621591
"421","ACH-000424",1.05242521875525
"422","ACH-000425",0.979378025816096
"423","ACH-000426",1.02766119693825
"424","ACH-000427",0.6059605693838
"425","ACH-000428",0.870006704079243
"426","ACH-000429",0.599608379371974
"427","ACH-000430",1.17634800976532
"428","ACH-000431",0.844504913013734
"429","ACH-000432",1.79322697383212
"430","ACH-000433",0.916793115672693
"431","ACH-000434",0.598932293905029
"432","ACH-000435",1.09259882239055
"433","ACH-000436",1.09999169502629
"434","ACH-000437",0.944955384166578
"435","ACH-000438",0.965857321870995
"436","ACH-000439",1.30235049670628
"437","ACH-000440",0.988570634812939
"438","ACH-000441",1.49555869816638
"439","ACH-000442",0.723623492501013
"440","ACH-000443",1.00179010921577
"441","ACH-000444",1.1277487687242
"442","ACH-000445",0.736824604789802
"443","ACH-000446",1.22722561962334
"444","ACH-000447",1.00306725366369
"445","ACH-000448",0.779374853051711
"446","ACH-000449",1.00588445199264
"447","ACH-000450",0.937365583763657
"448","ACH-000451",1.25831212505979
"449","ACH-000452",0.743452338786122
"450","ACH-000453",0.953399321657371
"451","ACH-000454",1.89727244545041
"452","ACH-000455",0.740656452151733
"453","ACH-000456",0.994420829739108
"454","ACH-000457",1.1106308352213
"455","ACH-000458",1.27747832104513
"456","ACH-000459",0.648794134923051
"457","ACH-000460",0.83793803069605
"458","ACH-000461",1.29069189418859
"459","ACH-000462",1.01973364240754
"460","ACH-000463",0.851028475991239
"461","ACH-000464",1.06621403729072
"462","ACH-000465",1.06181454006933
"463","ACH-000466",0.591294086668004
"464","ACH-000467",0.477706484902389
"465","ACH-000468",0.954012647564096
"466","ACH-000469",1.00786180496602
"467","ACH-000470",0.612162409935654
"468","ACH-000471",1.07571409869577
"469","ACH-000472",0.963683910475053
"470","ACH-000473",0.583353298990428
"471","ACH-000475",0.722804233856133
"472","ACH-000476",0.907128187669881
"473","ACH-000477",0.976996370968315
"474","ACH-000478",0.848309880039907
"475","ACH-000479",1.0345029617178
"476","ACH-000480",1.27235891849473
"477","ACH-000481",1.05912343287843
"478","ACH-000482",1.05236100754893
"479","ACH-000483",0.58236054094898
"480","ACH-000484",0.594286452126976
"481","ACH-000485",1.29645204199466
"482","ACH-000486",0.676011709658198
"483","ACH-000487",1.02312745395483
"484","ACH-000488",1.07979135452156
"485","ACH-000489",1.3170487098734
"486","ACH-000490",0.89570144571642
"487","ACH-000491",0.787124421113429
"488","ACH-000492",1.00338746759586
"489","ACH-000493",0.599921306783441
"490","ACH-000494",1.0043064081362
"491","ACH-000495",0.777092635368985
"492","ACH-000496",0.986276400072306
"493","ACH-000498",1.23108424655765
"494","ACH-000499",0.99381033514338
"495","ACH-000500",1.17037444916363
"496","ACH-000501",1.04703869052152
"497","ACH-000502",1.14288874129558
"498","ACH-000503",0.78939548800071
"499","ACH-000504",0.977839358881353
"500","ACH-000505",0.768719471971569
"501","ACH-000506",0.940339977623414
"502","ACH-000507",1.04408205109324
"503","ACH-000508",1.81870835398379
"504","ACH-000509",1.01816291159646
"505","ACH-000510",0.699236639038951
"506","ACH-000511",0.784010202407218
"507","ACH-000512",1.22100577907978
"508","ACH-000513",1.01372163973957
"509","ACH-000514",1.32473701468259
"510","ACH-000515",0.713246047274055
"511","ACH-000516",1.12072707411673
"512","ACH-000517",0.817668578989634
"513","ACH-000518",0.586519845474926
"514","ACH-000519",0.996386037871189
"515","ACH-000520",0.887651285643487
"516","ACH-000521",0.923126910215325
"517","ACH-000522",0.933966975013221
"518","ACH-000523",0.910476912455411
"519","ACH-000524",0.829273819499513
"520","ACH-000525",0.731416683721056
"521","ACH-000526",1.0093802981176
"522","ACH-000527",0.79389566952955
"523","ACH-000528",0.904269292328004
"524","ACH-000529",1.00500866432241
"525","ACH-000530",2.98221830594807
"526","ACH-000531",0.999032324747748
"527","ACH-000532",0.472646085040598
"528","ACH-000533",1.02469683405598
"529","ACH-000534",1.32168360826715
"530","ACH-000535",1.0665975470477
"531","ACH-000536",0.953969589581754
"532","ACH-000537",0.548157990436442
"533","ACH-000538",0.997486693026546
"534","ACH-000539",1.00917901581289
"535","ACH-000540",0.996691801681593
"536","ACH-000541",0.670547702654488
"537","ACH-000542",0.851025356721087
"538","ACH-000543",0.999355144183273
"539","ACH-000544",0.757938522420167
"540","ACH-000545",1.0066914463749
"541","ACH-000546",0.673006151400899
"542","ACH-000547",0.669561324999698
"543","ACH-000548",0.836838051238485
"544","ACH-000549",1.23781052382147
"545","ACH-000550",1.15265957614477
"546","ACH-000551",0.996326189607715
"547","ACH-000552",0.416558022388397
"548","ACH-000553",0.422880276936459
"549","ACH-000554",0.61139929966906
"550","ACH-000555",0.674116326706409
"551","ACH-000556",0.80635145887736
"552","ACH-000557",1.2575446569513
"553","ACH-000558",1.1426064357474
"554","ACH-000559",1.2069552084285
"555","ACH-000560",1.39677277350709
"556","ACH-000561",0.862391458659843
"557","ACH-000562",0.970540068161161
"558","ACH-000563",0.720324018150993
"559","ACH-000564",0.91112009472558
"560","ACH-000565",0.682683354916438
"561","ACH-000566",0.975589571977217
"562","ACH-000567",0.972746385443914
"563","ACH-000568",1.01057799741943
"564","ACH-000569",0.876104048993208
"565","ACH-000570",1.10774101000127
"566","ACH-000571",1.02644654327164
"567","ACH-000572",0.946048612208101
"568","ACH-000573",0.680816592412969
"569","ACH-000574",0.746589115798003
"570","ACH-000575",1.1029818923286
"571","ACH-000576",1.04430250690669
"572","ACH-000577",1.12926645258424
"573","ACH-000578",0.935079790420652
"574","ACH-000579",0.667734623561744
"575","ACH-000580",0.575283505351095
"576","ACH-000581",0.940193445401454
"577","ACH-000582",1.14738880846642
"578","ACH-000583",0.726486638364205
"579","ACH-000584",0.974554924510262
"580","ACH-000585",1.25238019263309
"581","ACH-000586",1.01359293845445
"582","ACH-000587",0.858407957831498
"583","ACH-000588",0.895527090109521
"584","ACH-000589",0.771115159341185
"585","ACH-000590",0.769402906058756
"586","ACH-000591",1.00080022180709
"587","ACH-000592",1.03424451674242
"588","ACH-000593",1.36827480972836
"589","ACH-000594",0.610942076480397
"590","ACH-000595",0.811638584776769
"591","ACH-000596",0.847012924066739
"592","ACH-000597",1.05416407456661
"593","ACH-000598",1.05988865248779
"594","ACH-000599",1.31409702378247
"595","ACH-000600",1.12336121054033
"596","ACH-000601",1.11631773876542
"597","ACH-000602",0.987811426442673
"598","ACH-000603",1.08607372958753
"599","ACH-000604",1.28292503396168
"600","ACH-000605",0.879476051251839
"601","ACH-000606",0.629537644953416
"602","ACH-000607",0.991257152776397
"603","ACH-000608",0.871422263385589
"604","ACH-000609",1.00731846882782
"605","ACH-000610",1.14205016509486
"606","ACH-000611",0.575435448368864
"607","ACH-000612",1.01144504023508
"608","ACH-000613",0.998991852490352
"609","ACH-000614",1.10773297032112
"610","ACH-000615",0.852770783746132
"611","ACH-000616",0.941147152731188
"612","ACH-000617",0.76787263565909
"613","ACH-000618",1.19321549596662
"614","ACH-000619",0.921755578095114
"615","ACH-000620",1.07360902712943
"616","ACH-000621",1.574376017091
"617","ACH-000622",0.762415589083838
"618","ACH-000623",1.09262856336948
"619","ACH-000624",0.91720800056257
"620","ACH-000625",1.03355537557713
"621","ACH-000626",1.06600664645159
"622","ACH-000627",0.753888383429162
"623","ACH-000628",0.840837947422538
"624","ACH-000630",0.694437850728725
"625","ACH-000631",1.05302810529505
"626","ACH-000632",0.824388883160065
"627","ACH-000633",0.934069444328202
"628","ACH-000634",1.08205863370766
"629","ACH-000635",0.799258635835687
"630","ACH-000636",1.05564280417243
"631","ACH-000637",0.825426200275689
"632","ACH-000638",0.66944214533739
"633","ACH-000639",0.962534960005359
"634","ACH-000640",1.1682568321651
"635","ACH-000641",1.03413194066415
"636","ACH-000642",1.04214824281694
"637","ACH-000643",0.781397368948143
"638","ACH-000644",0.957953161139616
"639","ACH-000645",0.992262361661821
"640","ACH-000646",0.870898709877555
"641","ACH-000647",0.863555628772559
"642","ACH-000648",0.83312548183744
"643","ACH-000649",0.660655087747805
"644","ACH-000650",1.13367082766828
"645","ACH-000651",0.918058887474768
"646","ACH-000652",0.981352592397371
"647","ACH-000653",1.48710785946316
"648","ACH-000654",0.578955685639141
"649","ACH-000655",0.866724400419479
"650","ACH-000656",0.941818176235402
"651","ACH-000657",0.991513110547131
"652","ACH-000658",0.677374908732306
"653","ACH-000659",0.627314767101737
"654","ACH-000660",1.00354183698507
"655","ACH-000661",1.31067184788277
"656","ACH-000662",0.94712396284668
"657","ACH-000663",1.12617607521131
"658","ACH-000664",0.975016638035559
"659","ACH-000665",0.870095014204503
"660","ACH-000666",1.15634593791042
"661","ACH-000667",0.726933010004287
"662","ACH-000668",0.34981119864631
"663","ACH-000669",0.788499102658475
"664","ACH-000670",1.34406993346874
"665","ACH-000671",0.636496146009564
"666","ACH-000672",1.19895459955862
"667","ACH-000673",1.09413384461494
"668","ACH-000674",0.916945977128371
"669","ACH-000675",1.46082441578722
"670","ACH-000676",1.08742578208633
"671","ACH-000677",0.663041861001642
"672","ACH-000678",0.770030549501591
"673","ACH-000679",1.25839302013666
"674","ACH-000680",0.957307495668445
"675","ACH-000681",1.0258164322895
"676","ACH-000682",0.692666137557116
"677","ACH-000683",1.266621101534
"678","ACH-000684",0.939740064320378
"679","ACH-000685",0.983164887152814
"680","ACH-000686",0.777210499847232
"681","ACH-000687",0.994044343884678
"682","ACH-000688",0.683916997716596
"683","ACH-000689",1.15742195307396
"684","ACH-000690",1.0052595524135
"685","ACH-000691",0.848441478763718
"686","ACH-000692",0.979734859613476
"687","ACH-000693",0.822117746486617
"688","ACH-000694",0.751033762932734
"689","ACH-000695",1.03819252552737
"690","ACH-000696",1.38796973298687
"691","ACH-000697",0.975176308641316
"692","ACH-000698",1.35346353137634
"693","ACH-000699",0.804405879187832
"694","ACH-000700",1.32572371632221
"695","ACH-000701",0.637813907757646
"696","ACH-000702",0.786844824627548
"697","ACH-000703",1.02421842502876
"698","ACH-000704",1.01903848603019
"699","ACH-000705",0.869676165185201
"700","ACH-000706",1.0257721614539
"701","ACH-000707",1.00405518326231
"702","ACH-000708",1.0699957214184
"703","ACH-000709",1.08426305996075
"704","ACH-000710",1.04261126947681
"705","ACH-000711",1.80758557594118
"706","ACH-000713",0.697340792167814
"707","ACH-000714",0.949520744060724
"708","ACH-000715",0.598446259971482
"709","ACH-000716",1.05138366886444
"710","ACH-000717",0.700558535627353
"711","ACH-000718",0.767319332987065
"712","ACH-000719",0.949901250222634
"713","ACH-000720",0.989879250327431
"714","ACH-000721",0.886596712060175
"715","ACH-000722",1.74209109270079
"716","ACH-000723",1.46619888929781
"717","ACH-000724",1.01249615440466
"718","ACH-000725",1.03296675931992
"719","ACH-000726",1.15148692955914
"720","ACH-000727",0.954651421314644
"721","ACH-000728",0.990794060605422
"722","ACH-000729",0.961312550346358
"723","ACH-000730",0.854359731343048
"724","ACH-000731",0.557598525849247
"725","ACH-000732",1.01079861390011
"726","ACH-000733",1.15316363563341
"727","ACH-000734",1.06203648933256
"728","ACH-000735",0.611988154403569
"729","ACH-000736",0.96066042948068
"730","ACH-000737",1.32315093972615
"731","ACH-000738",0.769732391242282
"732","ACH-000739",0.933411396914722
"733","ACH-000740",0.801806145052576
"734","ACH-000741",0.792045298340001
"735","ACH-000742",1.00395540740769
"736","ACH-000743",1.04921895195068
"737","ACH-000744",0.737678858757541
"738","ACH-000745",1.00147174993001
"739","ACH-000746",1.07065464714985
"740","ACH-000747",2.1115122434691
"741","ACH-000748",0.9577154274342
"742","ACH-000749",0.907353650213308
"743","ACH-000750",1.06046476481753
"744","ACH-000751",0.961126267802812
"745","ACH-000752",0.92589052001826
"746","ACH-000753",2.98491850509539
"747","ACH-000754",0.967168295747866
"748","ACH-000755",0.578754408029954
"749","ACH-000756",1.42846561913825
"750","ACH-000757",1.02688390877105
"751","ACH-000758",0.949886780337339
"752","ACH-000759",0.89755797634964
"753","ACH-000760",0.945674967957823
"754","ACH-000761",0.791930813759734
"755","ACH-000762",0.943140124673592
"756","ACH-000763",1.00860148956667
"757","ACH-000764",1.18558676877536
"758","ACH-000765",1.14818659385772
"759","ACH-000766",1.43987000995417
"760","ACH-000767",0.769782009301316
"761","ACH-000768",0.847431753825517
"762","ACH-000769",1.26019741892042
"763","ACH-000770",0.955168952316101
"764","ACH-000771",0.594267882820287
"765","ACH-000772",1.23814865578966
"766","ACH-000773",1.05926021896344
"767","ACH-000774",1.21700712647261
"768","ACH-000775",0.77978521981934
"769","ACH-000776",1.05917388110626
"770","ACH-000777",0.968066923451657
"771","ACH-000778",0.769988777269817
"772","ACH-000779",0.763710702786442
"773","ACH-000780",1.23442493803955
"774","ACH-000781",0.747875453814428
"775","ACH-000782",1.00220067589095
"776","ACH-000783",1.85691346019573
"777","ACH-000784",1.08107223835549
"778","ACH-000785",0.682436835282964
"779","ACH-000786",1.01068930888603
"780","ACH-000787",0.907588024537815
"781","ACH-000788",0.942969770938499
"782","ACH-000789",0.43827138704435
"783","ACH-000790",1.24328192513703
"784","ACH-000791",1.10533352173599
"785","ACH-000792",0.823940201439245
"786","ACH-000793",1.0584027731189
"787","ACH-000794",0.593116827166618
"788","ACH-000795",0.992523473887961
"789","ACH-000796",1.27762460979021
"790","ACH-000797",0.999655041250921
"791","ACH-000798",0.981252416410393
"792","ACH-000799",0.879406675088624
"793","ACH-000800",1.13008581193149
"794","ACH-000801",0.728964522546344
"795","ACH-000802",0.78270673305894
"796","ACH-000803",0.942711162865518
"797","ACH-000804",0.896628207324539
"798","ACH-000805",0.985929292675628
"799","ACH-000806",0.970983304026299
"800","ACH-000807",0.936395021824027
"801","ACH-000808",0.593181888576477
"802","ACH-000809",1.06191977970317
"803","ACH-000810",1.00417452219027
"804","ACH-000811",1.027726923276
"805","ACH-000812",1.01911649753782
"806","ACH-000813",1.01222183424225
"807","ACH-000814",0.995355001834455
"808","ACH-000815",0.75502048126155
"809","ACH-000816",0.976450398041501
"810","ACH-000817",0.782760331215184
"811","ACH-000818",2.98531604034048
"812","ACH-000819",0.893467203503439
"813","ACH-000820",1.04329680630737
"814","ACH-000821",0.754192456770109
"815","ACH-000822",0.982949956465336
"816","ACH-000823",1.47373151702855
"817","ACH-000824",1.04887120474162
"818","ACH-000825",0.643763314570636
"819","ACH-000826",1.13297868663287
"820","ACH-000827",1.16827570367006
"821","ACH-000828",0.577848867495415
"822","ACH-000829",1.05006306863029
"823","ACH-000830",0.986274419189416
"824","ACH-000831",0.94924061765368
"825","ACH-000832",0.612676765036064
"826","ACH-000833",0.757336748976502
"827","ACH-000834",0.797786220393004
"828","ACH-000835",0.912227467824327
"829","ACH-000836",0.73427436903428
"830","ACH-000837",0.538977665687666
"831","ACH-000838",1.06260974293974
"832","ACH-000839",0.7159491692274
"833","ACH-000840",0.874843451554636
"834","ACH-000841",1.20727548783228
"835","ACH-000842",0.873439743422894
"836","ACH-000843",1.22707748065021
"837","ACH-000844",1.70237961499644
"838","ACH-000845",0.80298568519789
"839","ACH-000846",0.40883009740493
"840","ACH-000847",1.02841355904748
"841","ACH-000848",0.759693600958797
"842","ACH-000849",0.906082152139124
"843","ACH-000850",0.983001311624677
"844","ACH-000851",0.910838711438401
"845","ACH-000852",0.559578935160425
"846","ACH-000853",0.8665103367672
"847","ACH-000854",1.022979918543
"848","ACH-000855",0.728528675448179
"849","ACH-000856",0.999414146877166
"850","ACH-000857",0.85429133942399
"851","ACH-000858",0.812452551247289
"852","ACH-000859",0.604333547625871
"853","ACH-000860",0.862948199901872
"854","ACH-000861",1.00258515600952
"855","ACH-000862",0.817320771438317
"856","ACH-000863",0.877912888198465
"857","ACH-000864",1.40971243460516
"858","ACH-000865",0.908919943672562
"859","ACH-000866",1.0174580336907
"860","ACH-000867",0.613722490933544
"861","ACH-000868",0.930413607778655
"862","ACH-000869",1.15476011660799
"863","ACH-000870",1.01013531488519
"864","ACH-000871",0.774857466671241
"865","ACH-000872",0.760749972505744
"866","ACH-000873",0.947848057672361
"867","ACH-000874",0.791359420385036
"868","ACH-000875",0.973658440131896
"869","ACH-000876",0.724546114558124
"870","ACH-000877",0.991823337267694
"871","ACH-000878",0.614598852433046
"872","ACH-000879",1.01102754576667
"873","ACH-000880",0.992937339445834
"874","ACH-000881",0.984283025393403
"875","ACH-000882",0.925364872868036
"876","ACH-000883",1.09807521573828
"877","ACH-000884",1.04616972704072
"878","ACH-000885",0.994297819044331
"879","ACH-000886",0.547937982584736
"880","ACH-000887",0.84463648577222
"881","ACH-000888",1.06183010326855
"882","ACH-000889",1.25820773936969
"883","ACH-000890",0.458714919596881
"884","ACH-000891",0.82499801438402
"885","ACH-000892",0.664337562306695
"886","ACH-000893",0.751406389287923
"887","ACH-000894",0.625639884245862
"888","ACH-000895",1.00956072978677
"889","ACH-000896",1.151899720642
"890","ACH-000897",0.96816324449742
"891","ACH-000898",0.955131171661258
"892","ACH-000899",0.926409237597355
"893","ACH-000900",0.802296135858875
"894","ACH-000901",1.29517816471865
"895","ACH-000902",1.01445599243328
"896","ACH-000903",1.05678188529776
"897","ACH-000904",0.860745771605288
"898","ACH-000905",0.987522428910592
"899","ACH-000906",1.02427853981222
"900","ACH-000907",0.966192114987812
"901","ACH-000908",0.961081558480867
"902","ACH-000909",0.958133158730915
"903","ACH-000910",0.973320319518241
"904","ACH-000911",0.946235206453087
"905","ACH-000912",0.609261941378105
"906","ACH-000913",0.993727178093755
"907","ACH-000914",1.00593815813031
"908","ACH-000915",1.03668056070799
"909","ACH-000916",0.669233174090377
"910","ACH-000917",0.591153172864645
"911","ACH-000918",0.990415064450046
"912","ACH-000919",1.24597323691086
"913","ACH-000920",0.996711237713467
"914","ACH-000921",0.616867773143901
"915","ACH-000922",1.23049447473699
"916","ACH-000923",0.992917477391375
"917","ACH-000924",0.929894216773599
"918","ACH-000925",1.29187344876818
"919","ACH-000926",0.774522939228969
"920","ACH-000927",0.84779210947362
"921","ACH-000928",1.06656799961667
"922","ACH-000929",1.15627298871097
"923","ACH-000930",1.41556777257836
"924","ACH-000931",1.2054744677522
"925","ACH-000932",0.991275012435039
"926","ACH-000933",0.984728163209463
"927","ACH-000934",1.22556677150179
"928","ACH-000935",1.18557544032909
"929","ACH-000936",1.01634084561744
"930","ACH-000937",1.01675802086472
"931","ACH-000938",0.988994294527404
"932","ACH-000939",1.00908842431332
"933","ACH-000940",0.981209469713649
"934","ACH-000941",1.09759259428444
"935","ACH-000942",1.00670016285704
"936","ACH-000943",0.907076402764061
"937","ACH-000944",0.989428026183492
"938","ACH-000945",0.858681119341223
"939","ACH-000946",0.99384272974231
"940","ACH-000947",0.996538142619596
"941","ACH-000948",0.951536844550403
"942","ACH-000949",0.917358119730959
"943","ACH-000950",0.893447799069463
"944","ACH-000951",0.749277327083157
"945","ACH-000952",0.814586023855411
"946","ACH-000953",0.968655551072685
"947","ACH-000954",0.981677327796425
"948","ACH-000955",0.985370946257614
"949","ACH-000956",0.99222604948556
"950","ACH-000957",0.977358477251251
"951","ACH-000958",0.983090794238189
"952","ACH-000959",0.999367672480002
"953","ACH-000960",1.0076705794514
"954","ACH-000961",0.994311289180548
"955","ACH-000962",0.994781506394018
"956","ACH-000963",1.00493494458394
"957","ACH-000964",1.26154224844347
"958","ACH-000965",1.24912612276869
"959","ACH-000966",1.07307436251108
"960","ACH-000967",0.999465093797351
"961","ACH-000968",0.877118593139489
"962","ACH-000969",0.931456367846688
"963","ACH-000970",0.97834055100595
"964","ACH-000971",0.956777968313168
"965","ACH-000972",0.983337317134091
"966","ACH-000973",0.915474550202505
"967","ACH-000974",0.816741818819684
"968","ACH-000975",0.911259609781209
"969","ACH-000976",1.20938972967668
"970","ACH-000977",1.03091939548726
"971","ACH-000978",1.015724489134
"972","ACH-000979",0.97278660071667
"973","ACH-000980",1.23898185476382
"974","ACH-000981",1.01742453775987
"975","ACH-000982",1.01553253734165
"976","ACH-000983",1.51354835117522
"977","ACH-000984",0.89622006975665
"978","ACH-000985",0.86672847554151
"979","ACH-000986",0.910973065465752
"980","ACH-000987",1.0350474203031
"981","ACH-000988",0.997855066407397
"982","ACH-000989",0.992759731074106
"983","ACH-000990",1.0817902288253
"984","ACH-000991",1.01485300832344
"985","ACH-000992",1.03038905273646
"986","ACH-000993",1.00128991388606
"987","ACH-000994",0.973120142986748
"988","ACH-000995",1.07760191868788
"989","ACH-000996",0.996565619417986
"990","ACH-000997",0.990028697756452
"991","ACH-000998",0.998047289771854
"992","ACH-000999",1.00705768514628
"993","ACH-001000",0.949708307463246
"994","ACH-001001",0.928729829096904
"995","ACH-001002",0.761110266817995
"996","ACH-001015",0.993315536172107
"997","ACH-001016",0.83366523671427
"998","ACH-001017",1.0817418351213
"999","ACH-001018",1.00175108999287
"1000","ACH-001020",1.02405296165371
"1001","ACH-001021",0.947215868440111
"1002","ACH-001022",1.31317153801639
"1003","ACH-001023",1.19147295321197
"1004","ACH-001024",1.05978649867775
"1005","ACH-001028",1.05009556124728
"1006","ACH-001029",1.23127387532544
"1007","ACH-001030",1.49560818902486
"1008","ACH-001031",1.02632486532714
"1009","ACH-001032",1.50885049674816
"1010","ACH-001033",1.23683974185403
"1011","ACH-001034",1.02051073539926
"1012","ACH-001035",1.06644882888147
"1013","ACH-001036",1.08411802459259
"1014","ACH-001037",1.00380513513083
"1015","ACH-001038",1.47163073805992
"1016","ACH-001039",0.728769750475569
"1017","ACH-001041",1.23024175529618
"1018","ACH-001042",1.26296046581822
"1019","ACH-001043",0.857649435660298
"1020","ACH-001044",1.07023062270796
"1021","ACH-001045",1.12001013909413
"1022","ACH-001047",1.0528853544782
"1023","ACH-001048",0.723209826160216
"1024","ACH-001049",1.03024637067613
"1025","ACH-001050",1.15752431278299
"1026","ACH-001053",0.948903183762094
"1027","ACH-001054",0.880050874109351
"1028","ACH-001057",1.29852811525902
"1029","ACH-001059",1.02275697746225
"1030","ACH-001060",1.00382024344837
"1031","ACH-001061",1.00636409728153
"1032","ACH-001063",0.990534294329035
"1033","ACH-001064",0.845574592905677
"1034","ACH-001065",1.30543302061353
"1035","ACH-001066",1.38590477082968
"1036","ACH-001067",1.35897232467014
"1037","ACH-001068",0.99254040893589
"1038","ACH-001071",0.813603245290154
"1039","ACH-001072",0.817100272749136
"1040","ACH-001075",0.85150407973171
"1041","ACH-001079",0.687333072123369
"1042","ACH-001081",0.971958438673603
"1043","ACH-001086",0.908365237831733
"1044","ACH-001087",0.821432913418505
"1045","ACH-001088",0.930175967956763
"1046","ACH-001089",0.904727163109084
"1047","ACH-001090",2.25860424772561
"1048","ACH-001091",0.986414576118216
"1049","ACH-001092",1.16314445562995
"1050","ACH-001093",1.00598844417196
"1051","ACH-001094",0.940097649844663
"1052","ACH-001096",1.48637251290253
"1053","ACH-001097",0.992887103866881
"1054","ACH-001098",0.819957919495327
"1055","ACH-001099",1.01472663202521
"1056","ACH-001100",2.07196512656713
"1057","ACH-001101",0.83006186997308
"1058","ACH-001106",0.994620053947541
"1059","ACH-001107",0.543018106464758
"1060","ACH-001111",1.06204363290822
"1061","ACH-001113",0.733955331119821
"1062","ACH-001118",0.842795361592342
"1063","ACH-001119",1.02648847437726
"1064","ACH-001121",0.962987298735107
"1065","ACH-001125",1.08676135121448
"1066","ACH-001126",0.935793056718649
"1067","ACH-001127",1.10198012373724
"1068","ACH-001128",1.03876345509195
"1069","ACH-001129",1.34374777500425
"1070","ACH-001130",1.00460709611126
"1071","ACH-001132",0.991599084029908
"1072","ACH-001134",1.02734163213765
"1073","ACH-001136",0.702122827180285
"1074","ACH-001137",0.579926506263863
"1075","ACH-001138",0.926134494047274
"1076","ACH-001142",1.0068157570642
"1077","ACH-001143",1.01329144889532
"1078","ACH-001145",1.03236537179428
"1079","ACH-001146",0.993116520510456
"1080","ACH-001147",1.00814837024949
"1081","ACH-001148",0.990103146755653
"1082","ACH-001150",1.14733079777383
"1083","ACH-001151",0.813819601018497
"1084","ACH-001162",1.00864894819946
"1085","ACH-001163",1.13693748280315
"1086","ACH-001164",1.0434572000881
"1087","ACH-001171",0.691017024634986
"1088","ACH-001173",0.903373137084669
"1089","ACH-001175",1.09541002017672
"1090","ACH-001182",1.00395117557324
"1091","ACH-001183",0.593663456993148
"1092","ACH-001184",1.01071110325783
"1093","ACH-001188",0.98334724138933
"1094","ACH-001189",0.714314985194829
"1095","ACH-001190",0.986342776541292
"1096","ACH-001192",1.05111521300331
"1097","ACH-001193",0.933549071531748
"1098","ACH-001194",1.04106841818968
"1099","ACH-001196",0.989621593535916
"1100","ACH-001197",1.00374757818594
"1101","ACH-001198",0.830543266449096
"1102","ACH-001199",0.997717294185552
"1103","ACH-001200",1.33175393600938
"1104","ACH-001203",0.971937329512794
"1105","ACH-001205",1.27999419639567
"1106","ACH-001206",1.23709498043063
"1107","ACH-001207",1.00671524088758
"1108","ACH-001208",1.23993688926203
"1109","ACH-001211",1.01992177081773
"1110","ACH-001212",0.983540458872821
"1111","ACH-001214",1.11112548524136
"1112","ACH-001224",1.19164981615666
"1113","ACH-001225",1.35971400414887
"1114","ACH-001228",1.20448945116354
"1115","ACH-001230",0.914400498495067
"1116","ACH-001232",0.909081212540459
"1117","ACH-001233",0.825225370469559
"1118","ACH-001234",1.49864098080028
"1119","ACH-001239",0.976494663888603
"1120","ACH-001249",1.76163037240176
"1121","ACH-001270",0.822283669255574
"1122","ACH-001274",1.04285022191224
"1123","ACH-001275",1.35277829558897
"1124","ACH-001277",1.0082545244972
"1125","ACH-001278",1.03413681579544
"1126","ACH-001280",1.20755493414031
"1127","ACH-001282",0.993863593254206
"1128","ACH-001283",1.33395949239136
"1129","ACH-001289",1.04266604770449
"1130","ACH-001295",1.00102899586104
"1131","ACH-001300",0.985673834741762
"1132","ACH-001301",1.02668817975841
"1133","ACH-001302",1.04941678693986
"1134","ACH-001303",0.996305725817985
"1135","ACH-001306",0.74867349965796
"1136","ACH-001307",0.811816331760062
"1137","ACH-001310",1.02051713586744
"1138","ACH-001318",1.08765428266629
"1139","ACH-001321",0.614498688772059
"1140","ACH-001322",1.0192428829521
"1141","ACH-001328",0.90782385203206
"1142","ACH-001329",1.04973530705589
"1143","ACH-001331",1.00470128827804
"1144","ACH-001332",0.786382910869672
"1145","ACH-001333",1.02633903134655
"1146","ACH-001334",0.634498107837406
"1147","ACH-001335",0.611597994935873
"1148","ACH-001336",0.888418918949035
"1149","ACH-001338",0.985304633101129
"1150","ACH-001339",0.976209935611476
"1151","ACH-001340",1.08001359330159
"1152","ACH-001341",0.953883016086208
"1153","ACH-001344",0.974432615636837
"1154","ACH-001345",1.00968612635505
"1155","ACH-001346",0.645311538721779
"1156","ACH-001347",1.00791236424128
"1157","ACH-001350",0.802924245393694
"1158","ACH-001353",1.4332789021313
"1159","ACH-001354",0.985428803818526
"1160","ACH-001355",0.595314216763932
"1161","ACH-001356",1.00705696731881
"1162","ACH-001358",2.41889857036528
"1163","ACH-001359",0.851162630974214
"1164","ACH-001360",0.642775125458754
"1165","ACH-001362",0.967072523057184
"1166","ACH-001363",0.969233688021951
"1167","ACH-001364",1.03518962835377
"1168","ACH-001365",0.981760756167445
"1169","ACH-001366",1.01038671344543
"1170","ACH-001367",0.918750678824439
"1171","ACH-001368",1.01299480448872
"1172","ACH-001369",1.02498767532453
"1173","ACH-001373",0.828802160543965
"1174","ACH-001374",1.02118405123323
"1175","ACH-001375",0.99552692172992
"1176","ACH-001376",0.999320691404693
"1177","ACH-001377",0.616581095095867
"1178","ACH-001378",1.08977134212443
"1179","ACH-001379",0.873870826281502
"1180","ACH-001380",0.767024450681566
"1181","ACH-001382",1.08321473008437
"1182","ACH-001383",0.926310247885308
"1183","ACH-001384",1.17924923946994
"1184","ACH-001385",0.993090645008234
"1185","ACH-001386",0.59573899824132
"1186","ACH-001388",0.920908363216401
"1187","ACH-001389",0.842527313208953
"1188","ACH-001390",0.901616244878921
"1189","ACH-001391",1.01371022124761
"1190","ACH-001392",1.09412456919908
"1191","ACH-001394",0.960823790757055
"1192","ACH-001395",3.42834074120917
"1193","ACH-001396",1.80364324971655
"1194","ACH-001399",0.828147759073669
"1195","ACH-001400",0.80420715732439
"1196","ACH-001401",1.09987889796033
"1197","ACH-001402",0.860815363374019
"1198","ACH-001403",0.991889424017568
"1199","ACH-001407",0.951720868716142
"1200","ACH-001408",1.07134874450754
"1201","ACH-001409",1.15395575756258
"1202","ACH-001410",0.95024279110542
"1203","ACH-001411",0.474077343248896
"1204","ACH-001412",0.969872803609043
"1205","ACH-001413",1.43033880426815
"1206","ACH-001414",0.990955513692713
"1207","ACH-001415",1.57902708300358
"1208","ACH-001416",0.78790097177321
"1209","ACH-001417",1.32328935659148
"1210","ACH-001418",1.00604088346271
"1211","ACH-001419",1.10045562725494
"1212","ACH-001422",1.01832366933634
"1213","ACH-001430",1.52026734693939
"1214","ACH-001431",0.601531179384453
"1215","ACH-001433",0.640404276163467
"1216","ACH-001442",0.601354602401693
"1217","ACH-001443",0.925569431362764
"1218","ACH-001450",0.976512847046018
"1219","ACH-001451",0.61614273542033
"1220","ACH-001452",0.894177501103478
"1221","ACH-001454",0.953003835130031
"1222","ACH-001456",0.512600699666928
"1223","ACH-001458",0.78116865657393
"1224","ACH-001459",0.68212145181346
"1225","ACH-001460",0.849625671140893
"1226","ACH-001461",1.20703322399682
"1227","ACH-001484",1.01780435027855
"1228","ACH-001485",1.01520351966583
"1229","ACH-001489",0.990635581156199
"1230","ACH-001490",0.92080366097226
"1231","ACH-001494",1.202260983562
"1232","ACH-001495",0.597356490881588
"1233","ACH-001496",0.663135817703815
"1234","ACH-001497",1.08609145964252
"1235","ACH-001500",1.04638698403094
"1236","ACH-001509",0.672789556689949
"1237","ACH-001513",0.869815197210291
"1238","ACH-001515",0.726914376633838
"1239","ACH-001516",0.968412036257472
"1240","ACH-001517",1.12410509563895
"1241","ACH-001519",1.00056542563984
"1242","ACH-001520",1.04497387882255
"1243","ACH-001521",0.973577994888454
"1244","ACH-001522",0.801365793188103
"1245","ACH-001523",0.703365198986457
"1246","ACH-001524",0.804676443990305
"1247","ACH-001525",0.453249533052153
"1248","ACH-001526",0.713984325001483
"1249","ACH-001529",1.26511699516993
"1250","ACH-001530",0.726836011479345
"1251","ACH-001532",1.03830483002309
"1252","ACH-001536",0.880719138782508
"1253","ACH-001538",0.845731139012501
"1254","ACH-001539",1.04135514075179
"1255","ACH-001540",1.14208009269723
"1256","ACH-001541",1.07932280888236
"1257","ACH-001542",0.809442186521446
"1258","ACH-001544",0.925959705930366
"1259","ACH-001548",0.995209014703987
"1260","ACH-001549",0.89572644769619
"1261","ACH-001550",0.999641012813969
"1262","ACH-001551",1.08843607746527
"1263","ACH-001552",0.916598398939653
"1264","ACH-001554",1.70834441167726
"1265","ACH-001555",0.939936352015839
"1266","ACH-001556",1.0831752363363
"1267","ACH-001557",0.790055599439708
"1268","ACH-001558",1.00227621886733
"1269","ACH-001559",1.01440742903402
"1270","ACH-001560",1.15281164167007
"1271","ACH-001561",1.14224612129508
"1272","ACH-001562",0.974944440562145
"1273","ACH-001563",0.99652122243603
"1274","ACH-001566",0.933566217876137
"1275","ACH-001567",1.15319830386813
"1276","ACH-001568",1.1035500088346
"1277","ACH-001569",1.00707347726035
"1278","ACH-001570",0.653265145039943
"1279","ACH-001573",1.07196924404726
"1280","ACH-001578",0.877015141618904
"1281","ACH-001591",1.04934359404509
"1282","ACH-001599",1.04933732019561
"1283","ACH-001603",0.984753897527047
"1284","ACH-001605",0.957870704386397
"1285","ACH-001606",0.991102134803565
"1286","ACH-001607",0.811198084624409
"1287","ACH-001608",0.805359821075302
"1288","ACH-001609",1.01535126573498
"1289","ACH-001610",1.24257080134728
"1290","ACH-001611",0.965501128551845
"1291","ACH-001618",1.24705008809438
"1292","ACH-001622",1.00237560446652
"1293","ACH-001624",0.882193993223345
"1294","ACH-001625",0.923473859686287
"1295","ACH-001626",0.920310681055811
"1296","ACH-001628",1.15072538202961
"1297","ACH-001630",1.06921958382172
"1298","ACH-001632",1.08206011323321
"1299","ACH-001634",1.03033537203294
"1300","ACH-001638",1.02407991938993
"1301","ACH-001639",1.05234007067386
"1302","ACH-001641",1.96859915484097
"1303","ACH-001642",0.972032428624389
"1304","ACH-001645",1.0573844179343
"1305","ACH-001647",1.00157600455002
"1306","ACH-001650",1.03423191738851
"1307","ACH-001651",0.960501479254606
"1308","ACH-001652",0.777200524950736
"1309","ACH-001654",0.868010373115037
"1310","ACH-001655",1.11844146085098
"1311","ACH-001664",0.993000040852765
"1312","ACH-001668",0.924968206525893
"1313","ACH-001673",1.03206839098204
"1314","ACH-001674",0.967373005598031
"1315","ACH-001677",1.03175723624452
"1316","ACH-001680",0.982670849347313
"1317","ACH-001685",0.999536098968267
"1318","ACH-001690",0.740704653729225
"1319","ACH-001702",1.07155606496993
"1320","ACH-001703",0.903646311213536
"1321","ACH-001704",1.08159323585715
"1322","ACH-001709",0.987809443830482
"1323","ACH-001715",1.47930817900937
"1324","ACH-001716",0.994381969124283
"1325","ACH-001735",1.03432701271295
"1326","ACH-001736",1.01115496228839
"1327","ACH-001737",1.00692631677036
"1328","ACH-001738",0.991165206331315
"1329","ACH-001740",1.0957772744743
"1330","ACH-001745",0.883816290175394
"1331","ACH-001750",1.29861257085019
"1332","ACH-001751",1.41291535788196
"1333","ACH-001765",1.09465699157866
"1334","ACH-001767",1.03034243539752
"1335","ACH-001786",1.04234666330641
"1336","ACH-001790",1.21733992255063
"1337","ACH-001791",1.39387194761994
"1338","ACH-001793",1.07249412652171
"1339","ACH-001794",1.04714468240956
"1340","ACH-001796",0.731753601719774
"1341","ACH-001799",1.35952904169629
"1342","ACH-001804",1.44133633418268
"1343","ACH-001814",0.943443911432359
"1344","ACH-001818",1.03329894645631
"1345","ACH-001820",0.943160312816182
"1346","ACH-001834",0.803214552314943
"1347","ACH-001835",1.07899504841683
"1348","ACH-001836",0.868718131351987
"1349","ACH-001838",1.10607623895675
"1350","ACH-001839",0.690387056766841
"1351","ACH-001841",0.792666061686501
"1352","ACH-001842",1.88837153355383
"1353","ACH-001843",1.05746205631148
"1354","ACH-001845",0.932628005855644
"1355","ACH-001848",0.923990700477387
"1356","ACH-001849",0.979748656598963
"1357","ACH-001850",0.6407151304477
"1358","ACH-001852",0.625506819473455
"1359","ACH-001853",1.1698384371429
"1360","ACH-001856",1.02844255722484
"1361","ACH-001857",0.825098586412612
"1362","ACH-001861",0.833385689640804
"1363","ACH-001955",0.732235851041036
"1364","ACH-001956",1.02725386159413
"1365","ACH-001957",1.05054975745868
"1366","ACH-001958",0.9824797058406
"1367","ACH-001959",1.01949696959198
"1368","ACH-001960",0.988498192184986
"1369","ACH-001997",0.732638759995227
"1370","ACH-001999",0.743720123353085
"1371","ACH-002001",0.812886232447667
"1372","ACH-002002",0.810531205296974
"1373","ACH-002003",0.804137507164161
"1374","ACH-002004",1.0416004571194
"1375","ACH-002005",0.954432185704202
"1376","ACH-002016",1.02975747166654
"1377","ACH-002020",0.98158403133824
"1378","ACH-002040",0.448427267788068
"1379","ACH-002043",0.813096865763962
"1380","ACH-002051",1.1703083867789
"1381","ACH-002052",0.953146912679023
"1382","ACH-002058",0.778082219380775
"1383","ACH-002067",0.86583822719578
"1384","ACH-002077",1.08203626184715
"1385","ACH-002083",1.00516784428536
"1386","ACH-002089",0.665240306687799
"1387","ACH-002090",0.762965396129799
"1388","ACH-002091",0.734009544167959
"1389","ACH-002092",0.986353626807972
"1390","ACH-002093",1.17015517308896
"1391","ACH-002094",1.39303831536066
"1392","ACH-002095",0.912515743586206
"1393","ACH-002096",1.02862714171432
"1394","ACH-002097",0.997676906441714
"1395","ACH-002098",0.586410239898693
"1396","ACH-002099",0.797341169194476
"1397","ACH-002100",0.587100336544608
"1398","ACH-002101",0.950414512712707
"1399","ACH-002102",1.00256283409774
"1400","ACH-002103",1.02608685540067
"1401","ACH-002104",1.14309296200408
"1402","ACH-002105",1.21270504229308
"1403","ACH-002106",1.1095491171866
"1404","ACH-002107",0.68729553280864
"1405","ACH-002108",0.914462498003738
"1406","ACH-002109",0.914459206738763
"1407","ACH-002110",1.25633861252372
"1408","ACH-002111",1.05287353290799
"1409","ACH-002112",1.25423483618354
"1410","ACH-002113",0.965872477953759
"1411","ACH-002114",1.00043779151341
"1412","ACH-002115",1.18954563722863
"1413","ACH-002116",1.22197542221035
"1414","ACH-002117",1.1141984230241
"1415","ACH-002118",1.22049650533681
"1416","ACH-002119",1.04338720409851
"1417","ACH-002120",0.969835606369634
"1418","ACH-002121",1.02138946731106
"1419","ACH-002122",1.03183485481946
"1420","ACH-002123",1.00708855138979
"1421","ACH-002124",1.04853613457973
"1422","ACH-002125",1.10972494851451
"1423","ACH-002126",0.851152794133299
"1424","ACH-002127",1.33656961302026
"1425","ACH-002128",0.948234894750747
"1426","ACH-002129",0.986963440807466
"1427","ACH-002130",0.9803684343412
"1428","ACH-002131",1.13385742683437
"1429","ACH-002132",0.991054883785724
"1430","ACH-002133",1.25305983500956
"1431","ACH-002134",0.757871114191546
"1432","ACH-002135",1.01846539885526
"1433","ACH-002136",1.10551784403623
"1434","ACH-002139",0.991413691479274
"1435","ACH-002140",0.773615690263857
"1436","ACH-002141",0.949932147053713
"1437","ACH-002142",1.02571346905557
"1438","ACH-002143",1.08728359647312
"1439","ACH-002144",0.889509989103345
"1440","ACH-002145",2.04179632980952
"1441","ACH-002146",1.30708515205831
"1442","ACH-002147",0.985418966739517
"1443","ACH-002148",0.805922067995841
"1444","ACH-002149",1.00169849454118
"1445","ACH-002150",1.04888065010999
"1446","ACH-002151",0.956768751543302
"1447","ACH-002152",0.950703630786609
"1448","ACH-002153",0.981475969402949
"1449","ACH-002154",0.967819112629267
"1450","ACH-002155",0.899807493081787
"1451","ACH-002156",0.697044193530894
"1452","ACH-002157",0.536042055112588
"1453","ACH-002159",0.789070238852397
"1454","ACH-002160",0.973524509175521
"1455","ACH-002161",0.918696952915486
"1456","ACH-002162",0.97000839968207
"1457","ACH-002163",1.14482299633491
"1458","ACH-002164",0.766721002497422
"1459","ACH-002165",0.999911992918262
"1460","ACH-002166",0.640185647831068
"1461","ACH-002167",0.900574327752207
"1462","ACH-002168",0.642228096120256
"1463","ACH-002169",1.07479586425
"1464","ACH-002170",0.554994468219592
"1465","ACH-002171",1.25104582931262
"1466","ACH-002173",0.986692929539955
"1467","ACH-002174",0.966901591997899
"1468","ACH-002175",0.90151214108287
"1469","ACH-002176",1.03158363777237
"1470","ACH-002177",0.895177970199471
"1471","ACH-002178",0.68161747622391
"1472","ACH-002179",1.31749278739193
"1473","ACH-002180",0.994854697044278
"1474","ACH-002181",0.790962661155979
"1475","ACH-002182",0.999121780685574
"1476","ACH-002183",0.986403653492137
"1477","ACH-002184",0.73267817650956
"1478","ACH-002185",0.795210122938861
"1479","ACH-002186",0.921160333756787
"1480","ACH-002187",1.00214873601044
"1481","ACH-002188",0.961267777751397
"1482","ACH-002189",0.986219922527201
"1483","ACH-002190",0.999176707612683
"1484","ACH-002191",0.879677774590651
"1485","ACH-002192",1.0191830913564
"1486","ACH-002193",0.812580451473472
"1487","ACH-002194",0.930825731854612
"1488","ACH-002195",0.729555380680105
"1489","ACH-002196",1.00973126645162
"1490","ACH-002197",1.15639855831243
"1491","ACH-002198",0.470307473312208
"1492","ACH-002199",0.80385036097518
"1493","ACH-002200",0.904644245021567
"1494","ACH-002201",0.97463694159527
"1495","ACH-002202",0.845668201491395
"1496","ACH-002204",0.707170832213629
"1497","ACH-002205",0.936152980065448
"1498","ACH-002206",1.0744561126131
"1499","ACH-002207",1.05394056084454
"1500","ACH-002208",1.77124625749664
"1501","ACH-002209",0.978011143327666
"1502","ACH-002210",0.966656968889774
"1503","ACH-002211",0.9592662736691
"1504","ACH-002212",0.574868609526723
"1505","ACH-002213",0.585889471048307
"1506","ACH-002214",0.863625859059007
"1507","ACH-002215",1.18649485277585
"1508","ACH-002216",0.837351353216787
"1509","ACH-002217",0.99899185321771
"1510","ACH-002218",0.995483071659185
"1511","ACH-002220",0.84883054339074
"1512","ACH-002221",0.892753160063075
"1513","ACH-002222",0.975057396388321
"1514","ACH-002223",1.04045201714384
"1515","ACH-002224",1.0089307158235
"1516","ACH-002225",1.71417956438531
"1517","ACH-002226",1.00132306583633
"1518","ACH-002227",0.977175935789786
"1519","ACH-002228",1.14259641816581
"1520","ACH-002229",1.00275435927028
"1521","ACH-002230",1.13538908255967
"1522","ACH-002231",1.06522210708511
"1523","ACH-002232",0.987613668741118
"1524","ACH-002233",1.08037455356311
"1525","ACH-002234",0.659479445717272
"1526","ACH-002235",1.08894143976149
"1527","ACH-002236",0.992472756734919
"1528","ACH-002237",0.755474121613388
"1529","ACH-002238",0.961881249473336
"1530","ACH-002239",0.609483793217939
"1531","ACH-002240",0.949884872515597
"1532","ACH-002241",0.972151569476832
"1533","ACH-002242",0.998374393469407
"1534","ACH-002243",0.801009121386323
"1535","ACH-002244",0.824520792099524
"1536","ACH-002245",0.903643072297635
"1537","ACH-002246",0.954814582135238
"1538","ACH-002247",1.00386053152166
"1539","ACH-002248",0.995645585204656
"1540","ACH-002249",0.883607914077206
"1541","ACH-002250",1.34062834949714
"1542","ACH-002251",0.993759562467248
"1543","ACH-002252",1.00012767286168
"1544","ACH-002253",0.846505912537803
"1545","ACH-002254",0.960830609817787
"1546","ACH-002255",0.919673246451869
"1547","ACH-002256",0.940055090024462
"1548","ACH-002257",1.01894105243752
"1549","ACH-002258",1.00158681290876
"1550","ACH-002259",1.04044500310238
"1551","ACH-002260",0.749768855480054
"1552","ACH-002261",0.674811248935418
"1553","ACH-002262",0.98770337500614
"1554","ACH-002263",0.775837328113643
"1555","ACH-002264",0.57355494899913
"1556","ACH-002265",0.974032469961674
"1557","ACH-002266",0.930835267216559
"1558","ACH-002267",1.00089924004903
"1559","ACH-002268",1.17490044260472
"1560","ACH-002269",0.938251761572279
"1561","ACH-002270",0.976944702989642
"1562","ACH-002271",0.994917966681368
"1563","ACH-002272",0.995412807463397
"1564","ACH-002273",0.901747753994898
"1565","ACH-002274",0.634660360336226
"1566","ACH-002275",0.989613674059955
"1567","ACH-002276",0.999959964657122
"1568","ACH-002277",0.978789721940276
"1569","ACH-002278",1.14854499607849
"1570","ACH-002279",0.867997251495441
"1571","ACH-002280",0.953091769887546
"1572","ACH-002281",1.01331432014812
"1573","ACH-002282",0.714316567960307
"1574","ACH-002283",0.987249329768572
"1575","ACH-002284",0.992348900755571
"1576","ACH-002285",1.11685843592416
"1577","ACH-002286",1.11438901505524
"1578","ACH-002287",0.842051026380051
"1579","ACH-002288",0.671487228680383
"1580","ACH-002289",1.32633427509662
"1581","ACH-002290",0.973256095566177
"1582","ACH-002291",1.03215304732423
"1583","ACH-002292",0.969772921326987
"1584","ACH-002293",0.99123676631374
"1585","ACH-002294",0.961808811016751
"1586","ACH-002295",0.865355875560773
"1587","ACH-002296",0.807285671033604
"1588","ACH-002297",0.734117617222068
"1589","ACH-002298",0.92173481744837
"1590","ACH-002299",0.93913516025695
"1591","ACH-002300",0.996320695918724
"1592","ACH-002301",0.947488871127327
"1593","ACH-002302",0.978930631026296
"1594","ACH-002303",0.966503117059464
"1595","ACH-002304",0.895686668375468
"1596","ACH-002305",1.2002632773071
"1597","ACH-002306",0.859022941071879
"1598","ACH-002307",0.957938587648377
"1599","ACH-002308",0.990760310288184
"1600","ACH-002309",1.08815516872466
"1601","ACH-002310",1.12984152034552
"1602","ACH-002311",0.976703683054789
"1603","ACH-002312",0.842022294472337
"1604","ACH-002313",0.717237502866682
"1605","ACH-002314",1.13859890026905
"1606","ACH-002315",0.943621094757074
"1607","ACH-002316",0.979352397632612
"1608","ACH-002317",0.963016014069634
"1609","ACH-002335",1.18333787030695
"1610","ACH-002336",0.756234670751076
"1611","ACH-002337",0.858228600045298
"1612","ACH-002338",1.13242812390844
"1613","ACH-002339",0.998947891775133
"1614","ACH-002340",0.876960938544088
"1615","ACH-002341",0.704457063596021
"1616","ACH-002342",1.00072981906204
"1617","ACH-002343",1.0011565776971
"1618","ACH-002344",0.998183152619687
"1619","ACH-002345",1.15852640078016
"1620","ACH-002346",0.999368105478189
"1621","ACH-002347",1.00023874627356
"1622","ACH-002348",1.10129574540641
"1623","ACH-002349",1.05134982591995
"1624","ACH-002350",0.998780046361119
"1625","ACH-002351",0.998459822560507
"1626","ACH-002352",1.00220203529833
"1627","ACH-002353",1.00012839414518
"1628","ACH-002354",1.0007218882305
"1629","ACH-002355",1.00119189496852
"1630","ACH-002356",1.00094177240646
"1631","ACH-002357",1.00161923749914
"1632","ACH-002358",1.00115513615746
"1633","ACH-002359",0.997543597187284
"1634","ACH-002360",1.0087278200016
"1635","ACH-002361",1.00250162708392
"1636","ACH-002362",0.997844591267987
"1637","ACH-002363",0.781588931687136
"1638","ACH-002364",1.00041904204647
"1639","ACH-002365",1.00571759721654
"1640","ACH-002366",1.00532812069528
"1641","ACH-002367",0.995067949518276
"1642","ACH-002368",0.99821912054584
"1643","ACH-002369",1.01523135703859
"1644","ACH-002370",0.996458384632777
"1645","ACH-002371",0.999187245259747
"1646","ACH-002372",0.997953962423134
"1647","ACH-002373",0.998531238265097
"1648","ACH-002374",1.00195929152332
"1649","ACH-002375",1.00418783041723
"1650","ACH-002376",0.999795988497265
"1651","ACH-002377",1.00071395735537
"1652","ACH-002378",1.00043851264189
"1653","ACH-002379",0.995089881029877
"1654","ACH-002380",0.999668069824111
"1655","ACH-002381",0.999534078544229
"1656","ACH-002382",1.00382384064352
"1657","ACH-002383",1.00531518424656
"1658","ACH-002384",1.00017383427912
"1659","ACH-002386",0.877688582437805
"1660","ACH-002387",0.717375795782774
"1661","ACH-002388",0.86408493202226
"1662","ACH-002389",1.1066578660013
"1663","ACH-002397",0.608759859088604
"1664","ACH-002458",0.837390997647857
"1665","ACH-002459",0.840311997260549
"1666","ACH-002460",0.928032716570252
"1667","ACH-002461",1.25395660106761
"1668","ACH-001518",1.01393515730617
"1669","ACH-001616",1.04632775249592
"1670","ACH-001623",0.930731159566013
"1671","ACH-001687",0.904975952749942
"1672","ACH-001698",0.770452503798622
"1673","ACH-001719",0.749572669690985
"1674","ACH-001991",0.982515254404482
"1675","ACH-002019",0.59487686275859
"1676","ACH-002022",1.24332062400383
"1677","ACH-002023",0.789685882033702
"1678","ACH-002027",1.06192238473412
"1679","ACH-002042",1.34028448558063
"1680","ACH-002069",1.13871081393909
"1681","ACH-001279",1.00555314647407
"1682","ACH-001802",0.729894756860606
"1683","ACH-001862",0.837334627347462
"1684","ACH-002015",0.711448872677834
"1685","ACH-002018",1.23532960390832
"1686","ACH-002446",1.13255657369923
"1687","ACH-001510",0.717862521613
"1688","ACH-001511",1.6990879218578
"1689","ACH-001543",0.790351688572926
"1690","ACH-001619",0.723988801442793
"1691","ACH-001636",1.02310002482855
"1692","ACH-001795",0.967471682016048
"1693","ACH-001844",1.01230856227962
"1694","ACH-001846",1.0515296092859
"1695","ACH-001858",0.849754284766555
"1696","ACH-001863",0.751630908456628
"1697","ACH-001864",1.04955592297375
"1698","ACH-002011",0.557988768686954
"1699","ACH-001172",0.74246463529961
"1700","ACH-001201",1.02782322520896
"1701","ACH-001229",1.03385514150523
"1702","ACH-001370",0.481433888123074
"1703","ACH-001398",1.05635803632987
"1704","ACH-001441",1.51311835062679
"1705","ACH-001453",1.00812072734631
"1706","ACH-001498",1.04104834554491
"1707","ACH-001528",1.02610346123291
"1708","ACH-001577",0.920655031974477
"1709","ACH-001613",0.97828394067097
"1710","ACH-001617",1.05512034231139
"1711","ACH-001627",1.0244309193481
"1712","ACH-001648",1.02125074134663
"1713","ACH-001649",0.628054911645878
"1714","ACH-001653",0.909599265378882
"1715","ACH-001670",0.79326188256125
"1716","ACH-001688",0.853106434542608
"1717","ACH-001692",1.23100273986469
"1718","ACH-001694",0.57477989331847
"1719","ACH-001699",1.1701166255735
"1720","ACH-001807",1.13068877160006
"1721","ACH-001819",3.27641400146761
"1722","ACH-001961",0.668868385808752
"1723","ACH-001993",1.00591708464944
"1724","ACH-002017",1.12854569695338
"1725","ACH-002024",0.828305430651086
"1726","ACH-002025",0.731664475460412
"1727","ACH-002026",1.01620398977255
"1728","ACH-002029",0.798488169604991
"1729","ACH-002038",0.829718527427609
"1730","ACH-002039",1.78483794870529
"1731","ACH-002041",0.699680386223715
"1732","ACH-002044",1.84589176987967
"1733","ACH-002045",1.566015922223
"1734","ACH-002046",1.01985679812404
"1735","ACH-002059",1.01790120074768
"1736","ACH-002062",1.156379570736
"1737","ACH-002066",0.571802074830866
"1738","ACH-002475",0.765070042137491
"1739","ACH-002508",1.24605051792853
"1740","ACH-002509",1.07590646663427
"1741","ACH-002510",0.960984262667195
"1742","ACH-002511",0.585033504215368
"1743","ACH-001421",0.963632749754164
"1744","ACH-001711",1.2495801588479
"1745","ACH-001656",1.02659927571942
